donation_id,donor_name,amount,campaign,donation_date,recurring
DON_00001,Hannah Miller,1160.98,Cancer Ward,2024-12-01,0
DON_00002,Jacob Wilson,10596.2,Emergency Relief,2026-03-17,1
DON_00003,Miranda Cook,22752.64,Emergency Relief,2024-09-14,0
DON_00004,,18058.6,Cancer Ward,2025-07-05,1
DON_00005,Steven Morris,52987.74,Dialysis Fund,2024-12-26,0
DON_00006,Christopher Ruiz,378.48,Cancer Ward,2025-09-28,0
DON_00007,Kimberly Atkinson,4541.31,General Fund,2026-03-13,0
DON_00008,,11949.52,Emergency Relief,2024-11-05,1
DON_00009,,14493.63,Emergency Relief,2025-12-18,0
DON_00010,Linda Chandler,4810.44,Dialysis Fund,2025-08-07,0
DON_00011,Anthony Torres,26299.77,Cancer Ward,2025-05-30,0
DON_00012,Kevin Li,2693.14,General Fund,2024-09-13,0
DON_00013,Natalie Black,12.74,Equipment Fund,2025-08-01,0
DON_00014,Mark Gonzalez,45671.13,Cancer Ward,2026-02-25,0
DON_00015,Christie Gonzalez,7452.78,General Fund,2026-06-24,0
DON_00016,Melanie King,47370.17,Cancer Ward,2025-02-20,0
DON_00017,Amy Marquez,4884.53,Pediatric Wing,2024-11-03,1
DON_00018,Donald Mcdowell,983.26,Pediatric Wing,2026-02-16,0
DON_00019,Michael Horn,22210.37,Cancer Ward,2026-06-18,0
DON_00020,Megan Salinas,27101.84,Equipment Fund,2024-08-31,1
DON_00021,Chelsea Crawford,10161.67,Pediatric Wing,2026-04-19,0
DON_00022,Keith Lopez,1150.79,Cardiac Care,2025-01-08,1
DON_00023,Cynthia Smith,15925.56,Emergency Relief,2024-11-10,1
DON_00024,Jose Sparks,3016.03,Cancer Ward,2024-09-30,0
DON_00025,Jordan Williams,28395.08,Cardiac Care,2025-08-15,0
DON_00026,Diana Taylor,4803.56,Pediatric Wing,2025-08-13,0
DON_00027,John Golden,28229.17,Dialysis Fund,2025-07-11,0
DON_00028,Joseph Richmond,8351.07,Cancer Ward,2025-04-10,1
DON_00029,,13613.23,Dialysis Fund,2025-09-16,0
DON_00030,Lauren Andrews,23378.5,Dialysis Fund,2025-11-13,0
DON_00031,Jonathan Simmons,619.19,Pediatric Wing,2025-10-04,0
DON_00032,,25819.46,Pediatric Wing,2024-08-26,0
DON_00033,Larry Strickland,2238.78,Cardiac Care,2025-02-23,0
DON_00034,Phillip Jimenez,6657.28,Cardiac Care,2026-02-13,0
DON_00035,,9602.09,Dialysis Fund,2026-04-04,0
DON_00036,Martin Sandoval,33867.99,Cancer Ward,2024-10-11,0
DON_00037,Robert Peterson Jr.,340.44,Cardiac Care,2026-05-17,0
DON_00038,Nancy Parker,12287.55,Equipment Fund,2024-11-01,0
DON_00039,Tiffany Nguyen,15430.24,Cancer Ward,2025-05-22,0
DON_00040,Johnny Hanson II,5709.74,General Fund,2026-07-09,1
DON_00041,Beth Baker,5147.64,Cancer Ward,2025-07-04,1
DON_00042,Danielle Brooks,10113.97,Equipment Fund,2026-07-15,0
DON_00043,Patricia Scott,3107.22,Cancer Ward,2025-03-18,1
DON_00044,Faith Mitchell,9470.03,Pediatric Wing,2024-10-30,0
DON_00045,Lindsay Orozco,21724.16,Pediatric Wing,2025-01-13,0
DON_00046,Raymond Parsons,28003.28,Emergency Relief,2025-05-11,0
DON_00047,David Lyons,7295.93,Pediatric Wing,2025-08-09,1
DON_00048,Heather Jones,14407.63,Dialysis Fund,2025-05-27,1
DON_00049,Thomas Davidson,0.31,Dialysis Fund,2025-12-27,0
DON_00050,Michael Goodwin,11989.37,Pediatric Wing,2025-10-30,1
DON_00051,Deanna Thomas,55475.65,Cardiac Care,2026-05-29,0
DON_00052,,5615.28,Dialysis Fund,2026-07-13,0
DON_00053,Elizabeth Campos,13549.73,Equipment Fund,2026-01-18,0
DON_00054,Rachel Adams,21550.16,Dialysis Fund,2025-01-04,1
DON_00055,,14083.15,Dialysis Fund,2025-12-02,0
DON_00056,Gabriel Liu,8132.16,Emergency Relief,2026-03-25,0
DON_00057,Anthony Coffey,2483.3,Equipment Fund,2026-04-16,0
DON_00058,Justin Johnson,9345.96,Pediatric Wing,2025-05-12,0
DON_00059,Norma Ramirez,5238.77,Dialysis Fund,2025-07-23,1
DON_00060,Claudia Mercado,17856.98,Emergency Relief,2025-04-23,0
DON_00061,,8748.6,Pediatric Wing,2024-11-18,0
DON_00062,,28444.78,General Fund,2026-01-11,0
DON_00063,Maria Hinton,3222.47,General Fund,2025-10-05,0
DON_00064,Melanie Holloway,8112.06,Cardiac Care,2024-08-20,0
DON_00065,,12229.89,General Fund,2026-03-08,1
DON_00066,Brenda Lloyd,2020.38,Pediatric Wing,2026-06-24,0
DON_00067,Sarah White,13297.71,Cardiac Care,2026-03-15,0
DON_00068,Jillian Walsh,5156.83,Dialysis Fund,2025-08-13,0
DON_00069,,3911.46,Dialysis Fund,2025-12-06,0
DON_00070,Ronnie Moore,2295.71,Equipment Fund,2026-06-25,1
DON_00071,Anita Foster,6459.02,Cardiac Care,2026-05-29,0
DON_00072,Theresa Ward,39672.42,Dialysis Fund,2024-09-07,0
DON_00073,,472.45,Cancer Ward,2025-08-20,0
DON_00074,,28673.99,Dialysis Fund,2025-01-01,0
DON_00075,,7596.55,Pediatric Wing,2025-07-05,1
DON_00076,Cynthia Campbell,12369.41,General Fund,2024-11-25,1
DON_00077,Cynthia Butler,10786.59,Emergency Relief,2026-02-10,1
DON_00078,Jeffrey Harris,39002.8,Dialysis Fund,2024-08-25,0
DON_00079,Lydia Munoz,22053.57,Equipment Fund,2025-11-30,0
DON_00080,Gregory Garcia,62820.14,Dialysis Fund,2026-03-13,0
DON_00081,Michelle Gonzalez,23729.53,Dialysis Fund,2024-11-22,1
DON_00082,Ms. Stacy Lopez DVM,5262.28,Emergency Relief,2025-12-01,0
DON_00083,,49405.48,General Fund,2025-09-11,0
DON_00084,,61625.85,Emergency Relief,2025-06-04,0
DON_00085,Jennifer Hicks,1970.33,Dialysis Fund,2026-03-01,0
DON_00086,Lisa Day,34696.23,Pediatric Wing,2024-10-11,0
DON_00087,Robert Mcclure,16368.69,General Fund,2026-03-09,1
DON_00088,Bobby Castro,38264.5,Pediatric Wing,2025-09-21,0
DON_00089,,37107.55,Emergency Relief,2026-01-03,0
DON_00090,Susan Lopez,33297.53,Cancer Ward,2025-12-13,0
DON_00091,Kristy Buchanan,32478.34,Cancer Ward,2024-08-10,0
DON_00092,,1877.43,Equipment Fund,2025-04-25,1
DON_00093,Kimberly Martin,2323.79,Cancer Ward,2025-07-06,0
DON_00094,Isaac Green,1879.7,Pediatric Wing,2025-05-27,0
DON_00095,Kathleen Davis,1431.63,Cardiac Care,2024-08-28,0
DON_00096,Gary Carpenter,6537.75,Cardiac Care,2025-02-26,0
DON_00097,Carol Fernandez,17278.22,Cardiac Care,2025-10-01,0
DON_00098,Benjamin Walker,6570.43,Equipment Fund,2026-01-26,0
DON_00099,Christopher Woodard,19110.58,Equipment Fund,2026-02-26,0
DON_00100,Richard Miller,25745.59,General Fund,2025-01-07,0
DON_00101,,16458.86,General Fund,2024-07-31,1
DON_00102,Erin Brown,9385.26,Emergency Relief,2025-08-05,0
DON_00103,Justin Martinez,5254.38,Pediatric Wing,2025-06-03,0
DON_00104,Michael Cain,1992.75,Cardiac Care,2024-10-04,1
DON_00105,Hannah Marshall,10207.96,General Fund,2026-06-25,1
DON_00106,Stephanie Hill,19073.02,General Fund,2025-06-07,0
DON_00107,Robert Wilson,11919.17,General Fund,2024-09-17,0
DON_00108,Michael Morse,19174.08,Cardiac Care,2024-08-14,0
DON_00109,Jennifer Day,6124.48,Equipment Fund,2026-01-08,0
DON_00110,Cristian Myers,1036.97,Dialysis Fund,2026-02-06,0
DON_00111,Robert Holmes,22116.91,Emergency Relief,2025-06-24,0
DON_00112,Whitney Rose,3721.62,Emergency Relief,2024-12-17,0
DON_00113,,14367.83,General Fund,2025-07-03,1
DON_00114,Stacy Woods,24467.03,Cancer Ward,2024-10-15,1
DON_00115,Lindsey Horn,2246.83,Cardiac Care,2024-10-26,0
DON_00116,Ryan Evans,13688.02,Cardiac Care,2024-09-02,0
DON_00117,Ronald Thompson,17537.5,General Fund,2024-11-14,0
DON_00118,Tina Fuentes,20587.7,Dialysis Fund,2025-06-13,0
DON_00119,Michael Johnson,2396.66,Pediatric Wing,2024-12-23,0
DON_00120,,26154.5,Cardiac Care,2025-07-01,0
DON_00121,Tamara Jones,1483.2,Cardiac Care,2026-04-17,1
DON_00122,Jennifer Brown,10996.53,Cardiac Care,2025-09-30,0
DON_00123,Patrick Arnold,8788.97,Cancer Ward,2024-11-15,0
DON_00124,Anthony Dunlap,3760.92,General Fund,2026-05-22,1
DON_00125,Jeffery Barrett,5391.55,Cardiac Care,2026-05-27,0
DON_00126,Ann Buck,2694.72,Dialysis Fund,2025-07-14,0
DON_00127,Lawrence Reed,8319.73,General Fund,2025-06-18,1
DON_00128,Jennifer Jones,542.35,General Fund,2024-08-22,0
DON_00129,Molly Morgan,32961.93,General Fund,2025-08-25,0
DON_00130,Veronica Rowe,2677.7,Cardiac Care,2025-03-24,0
DON_00131,,32575.69,Cardiac Care,2025-02-23,0
DON_00132,Amber Garcia,29879.97,Cardiac Care,2024-11-25,1
DON_00133,Michelle Ortiz,9013.37,Dialysis Fund,2025-09-13,0
DON_00134,Natasha Montgomery,10329.13,Dialysis Fund,2024-09-29,0
DON_00135,Kimberly King,5391.18,General Fund,2025-11-25,0
DON_00136,James Jones,86522.89,Dialysis Fund,2024-11-24,0
DON_00137,Richard Guerrero,16665.08,Pediatric Wing,2026-07-03,0
DON_00138,Andrew Vaughn,45488.52,Cancer Ward,2025-03-03,0
DON_00139,Amanda Hale,8036.94,Dialysis Fund,2025-05-21,0
DON_00140,Elaine Rowe,32185.85,Pediatric Wing,2025-08-24,1
DON_00141,Carolyn Rich,8919.49,Equipment Fund,2025-04-30,0
DON_00142,Edward Evans,30241.8,Emergency Relief,2024-11-04,0
DON_00143,Susan Arias,2104.91,Cardiac Care,2025-05-14,0
DON_00144,Brian Porter,15194.27,Equipment Fund,2025-01-21,0
DON_00145,Deborah Martin,17030.86,Dialysis Fund,2025-11-12,1
DON_00146,Heather Paul,16014.15,Emergency Relief,2025-05-22,0
DON_00147,Martin Roberts,8886.71,Cancer Ward,2024-11-13,0
DON_00148,Manuel Sherman,17276.21,Cancer Ward,2026-02-08,0
DON_00149,Kathy Frost,4105.96,Cancer Ward,2026-02-05,1
DON_00150,Sean Ortiz,13589.49,Dialysis Fund,2024-12-27,0
DON_00151,Angela Jenkins,12119.45,Emergency Relief,2026-05-23,0
DON_00152,Kelli Ross,5748.35,Cancer Ward,2025-04-19,0
DON_00153,Bernard Johnston,22634.65,Emergency Relief,2024-07-17,0
DON_00154,Steven Young,1264.95,Pediatric Wing,2026-03-01,1
DON_00155,Christina Ferrell,2820.98,General Fund,2026-05-02,0
DON_00156,Gregory Santana,9555.76,Emergency Relief,2025-08-30,0
DON_00157,Anna Tate,33347.84,General Fund,2026-04-14,0
DON_00158,Brenda Barnes,12840.62,General Fund,2024-12-08,1
DON_00159,,27683.75,Cancer Ward,2024-09-23,0
DON_00160,Richard Lane,10933.78,Emergency Relief,2026-04-13,1
DON_00161,Danielle Jones,23088.6,Pediatric Wing,2025-03-07,0
DON_00162,Brian Roberts,5913.37,Emergency Relief,2025-11-17,0
DON_00163,Keith Palmer,25322.54,Cardiac Care,2025-07-10,0
DON_00164,Daniel Burke,7704.6,Cancer Ward,2025-10-24,0
DON_00165,Brandon Murphy,12274.91,Pediatric Wing,2025-08-28,1
DON_00166,Christopher Hopkins Jr.,2901.61,Emergency Relief,2025-05-19,0
DON_00167,William Myers,37967.34,Dialysis Fund,2026-04-05,0
DON_00168,Raymond Harris,18132.73,Pediatric Wing,2025-03-06,0
DON_00169,Sharon Vargas DDS,29369.49,Cardiac Care,2025-03-16,0
DON_00170,Heidi Ross,3495.31,Equipment Fund,2026-02-24,0
DON_00171,David Graham,1051.26,General Fund,2024-08-22,1
DON_00172,Michael Brown,6169.44,Equipment Fund,2025-08-01,0
DON_00173,Stacy Mills,10906.31,Dialysis Fund,2026-04-13,1
DON_00174,Thomas Juarez,24320.37,Cancer Ward,2025-02-05,0
DON_00175,Jeffrey Mcdonald,7605.65,Cancer Ward,2025-02-07,1
DON_00176,Michelle Holmes,4719.8,Cancer Ward,2026-04-07,0
DON_00177,Robert Elliott,6991.25,Pediatric Wing,2025-01-25,1
DON_00178,,18241.06,Dialysis Fund,2025-11-07,0
DON_00179,Holly Johnson,6147.02,Pediatric Wing,2025-10-06,1
DON_00180,Helen Mendoza,58067.27,Cancer Ward,2025-08-29,1
DON_00181,Erin Sims,2885.2,Cardiac Care,2025-11-27,0
DON_00182,John Walker,20981.34,Emergency Relief,2025-05-28,1
DON_00183,Amanda Jarvis,13343.4,Cardiac Care,2025-11-03,0
DON_00184,Melanie Bender,3980.9,Emergency Relief,2025-10-25,0
DON_00185,Steven Stewart,21012.82,Emergency Relief,2024-10-05,0
DON_00186,,8900.62,Dialysis Fund,2026-05-14,0
DON_00187,Brian Meyers,17204.36,Emergency Relief,2024-08-01,1
DON_00188,Rebecca Roman,16282.06,Cardiac Care,2024-12-16,0
DON_00189,Samantha Snyder,1758.86,Emergency Relief,2025-06-10,1
DON_00190,,27487.13,Dialysis Fund,2025-09-13,0
DON_00191,Henry Cox,17160.81,Emergency Relief,2026-07-02,0
DON_00192,,22751.97,Equipment Fund,2026-05-29,1
DON_00193,Mallory Reese,8906.75,General Fund,2026-02-10,0
DON_00194,Rebecca Brown,3254.85,Equipment Fund,2025-08-07,1
DON_00195,Maria Poole,5922.63,Equipment Fund,2025-01-25,0
DON_00196,Sierra Martin,34760.8,Cardiac Care,2026-07-15,0
DON_00197,Mark Velazquez,41713.81,Cancer Ward,2025-07-30,0
DON_00198,Sean Robinson,9862.83,Cardiac Care,2025-02-14,0
DON_00199,Steven Sandoval,5324.34,Dialysis Fund,2026-07-02,0
DON_00200,Chelsea Martinez,19657.29,Cancer Ward,2025-10-18,0
DON_00201,Andrew Pennington,21786.06,Pediatric Wing,2025-06-20,0
DON_00202,,25348.85,Equipment Fund,2025-06-09,0
DON_00203,Ashley Johnson,473.66,Cancer Ward,2026-06-25,0
DON_00204,Michael Sellers,146.72,General Fund,2025-02-11,1
DON_00205,,6627.79,General Fund,2026-06-26,0
DON_00206,,2481.91,General Fund,2024-10-29,1
DON_00207,David Moore,24519.94,Equipment Fund,2026-02-25,0
DON_00208,Robert Grant,11416.38,Emergency Relief,2025-05-28,0
DON_00209,Jeremy Valenzuela,26174.41,Cancer Ward,2026-01-28,0
DON_00210,Lindsey Sherman,2920.4,Dialysis Fund,2025-12-09,1
DON_00211,Carla Chapman DVM,14801.61,General Fund,2024-12-26,0
DON_00212,Michelle Martinez,13018.66,General Fund,2025-08-21,1
DON_00213,,6241.33,Pediatric Wing,2025-01-24,0
DON_00214,David Flowers,10918.6,Equipment Fund,2025-04-19,0
DON_00215,Andrew Spence,13338.44,Emergency Relief,2024-11-16,0
DON_00216,,33039.44,Cardiac Care,2026-02-17,1
DON_00217,Matthew Anderson,858.69,Dialysis Fund,2026-04-11,0
DON_00218,Timothy Leonard,26005.8,Cardiac Care,2026-03-26,1
DON_00219,Margaret Watson,58798.1,Cancer Ward,2025-12-18,0
DON_00220,Mackenzie Martin,19738.94,General Fund,2026-02-17,1
DON_00221,James Daniel,20053.82,Equipment Fund,2026-07-13,0
DON_00222,James Ramirez,3688.02,Cardiac Care,2025-08-10,0
DON_00223,,11105.89,Cardiac Care,2026-03-08,1
DON_00224,Jennifer Roberts,18359.59,Cancer Ward,2024-09-07,0
DON_00225,Wanda Weiss,13830.14,Dialysis Fund,2024-11-26,0
DON_00226,Kenneth Acosta,7295.21,Emergency Relief,2026-06-02,1
DON_00227,,42230.79,Pediatric Wing,2026-07-10,1
DON_00228,Colleen Romero,10822.79,General Fund,2025-04-26,0
DON_00229,Mark Villarreal,52536.43,Emergency Relief,2026-02-18,1
DON_00230,,12447.42,Cardiac Care,2025-03-18,1
DON_00231,Dale Smith,23653.36,Cardiac Care,2026-04-25,0
DON_00232,Sean Richardson,20323.28,Cancer Ward,2025-06-17,0
DON_00233,Joshua Jenkins,16218.53,Cancer Ward,2025-11-25,0
DON_00234,Amy Gill,218.5,Pediatric Wing,2025-01-11,0
DON_00235,,1208.87,General Fund,2025-04-05,0
DON_00236,Stephanie Brown,13065.61,Cancer Ward,2026-03-20,1
DON_00237,Ms. Ashley Robertson,36419.07,Pediatric Wing,2026-01-30,0
DON_00238,David Harris MD,13787.23,Dialysis Fund,2024-08-02,1
DON_00239,Abigail Booth,4037.73,Dialysis Fund,2025-07-05,0
DON_00240,Michael Lopez,5789.76,Emergency Relief,2026-03-27,0
DON_00241,Wendy Morrow,14639.01,Emergency Relief,2025-01-06,0
DON_00242,Karen Turner,13634.31,Equipment Fund,2025-08-29,1
DON_00243,Kyle Ballard,46752.54,Pediatric Wing,2025-12-25,0
DON_00244,Ashley Arnold,11296.15,General Fund,2025-11-23,0
DON_00245,,6577.92,Dialysis Fund,2026-05-08,1
DON_00246,Lindsey Vasquez,11166.38,Equipment Fund,2024-10-25,0
DON_00247,Rachel Woods,23143.1,Cardiac Care,2024-12-01,0
DON_00248,Ralph Welch,11659.8,Emergency Relief,2025-05-14,1
DON_00249,Kristina Briggs,5919.05,Cancer Ward,2024-11-19,0
DON_00250,Stephen Fernandez,6201.42,Pediatric Wing,2024-12-06,0
DON_00251,Andrew Smith,21208.8,Cardiac Care,2024-07-28,0
DON_00252,,1031.38,Cardiac Care,2025-07-08,1
DON_00253,Catherine Conley,4818.69,Cancer Ward,2026-03-05,1
DON_00254,Kimberly King DDS,2491.48,Emergency Relief,2026-03-03,1
DON_00255,Wesley Day,43418.13,Dialysis Fund,2025-07-01,0
DON_00256,,1416.21,Dialysis Fund,2026-03-30,0
DON_00257,Frank Butler,21293.65,Cardiac Care,2026-01-09,1
DON_00258,,14931.05,Equipment Fund,2024-07-20,0
DON_00259,Brandon Fisher,15027.91,Pediatric Wing,2024-09-23,0
DON_00260,,21622.86,General Fund,2024-10-30,0
DON_00261,Bryan Hayes,7674.59,Dialysis Fund,2025-05-26,0
DON_00262,Kenneth Lopez,7680.98,General Fund,2024-07-20,0
DON_00263,Jade Swanson,5110.04,Pediatric Wing,2025-04-18,0
DON_00264,Linda Franklin DDS,13660.22,Dialysis Fund,2026-01-03,0
DON_00265,Benjamin Lloyd,39847.23,Emergency Relief,2025-05-01,0
DON_00266,Daniel Payne,38652.01,Emergency Relief,2025-11-28,0
DON_00267,Anna Sexton,18208.36,Cardiac Care,2026-05-18,0
DON_00268,Mark Santos,35496.58,Pediatric Wing,2024-12-03,1
DON_00269,Desiree Bush,49664.38,Emergency Relief,2025-12-24,0
DON_00270,,23778.86,Dialysis Fund,2025-09-10,0
DON_00271,Debra Nicholson,7859.51,Emergency Relief,2026-02-06,0
DON_00272,Jeanette Hughes,9902.21,Emergency Relief,2025-04-21,0
DON_00273,,40160.69,Equipment Fund,2025-02-07,0
DON_00274,Tamara Howard,16630.31,Cancer Ward,2025-01-19,0
DON_00275,Brenda Barry,25779.92,Pediatric Wing,2025-04-27,0
DON_00276,Natasha Stafford,1851.41,Pediatric Wing,2026-01-15,0
DON_00277,Jacob Clark,3233.24,Equipment Fund,2024-11-26,0
DON_00278,,6326.4,Cancer Ward,2025-05-29,0
DON_00279,Haley Hartman,3128.27,Pediatric Wing,2024-08-13,1
DON_00280,Joe Shields,35541.3,Pediatric Wing,2025-09-17,0
DON_00281,Nicole Williams,3667.24,Equipment Fund,2025-11-19,0
DON_00282,Ashley Green MD,12219.0,Dialysis Fund,2024-10-05,0
DON_00283,Kayla Miller,1339.91,Emergency Relief,2025-02-10,0
DON_00284,Michael Schmidt,2525.6,Dialysis Fund,2025-06-25,0
DON_00285,Brenda Elliott,4263.62,Emergency Relief,2024-12-04,0
DON_00286,Alison Eaton,61024.37,Pediatric Wing,2025-11-23,0
DON_00287,Teresa Pearson,23922.95,General Fund,2026-01-21,0
DON_00288,Frank Thompson,16792.41,Dialysis Fund,2025-10-20,0
DON_00289,Kimberly Charles,37200.93,Cardiac Care,2026-06-14,1
DON_00290,Lonnie Anderson,46924.79,Cardiac Care,2026-02-10,1
DON_00291,Jordan Rangel,9065.32,Emergency Relief,2025-06-29,0
DON_00292,Seth Hinton,5955.52,Dialysis Fund,2024-12-23,0
DON_00293,Heather Williams,5681.95,Cardiac Care,2025-10-05,0
DON_00294,Deborah Merritt,545.75,Pediatric Wing,2026-06-06,0
DON_00295,Tracy Matthews,4920.02,Cancer Ward,2026-04-17,0
DON_00296,Nicole Austin,6578.64,Pediatric Wing,2025-04-16,0
DON_00297,Anthony Holmes,563.95,Cardiac Care,2026-01-04,0
DON_00298,James Bender,32133.14,Dialysis Fund,2024-11-20,1
DON_00299,Victor Douglas,28243.99,Equipment Fund,2025-05-18,0
DON_00300,Suzanne Duran,4345.28,Pediatric Wing,2025-02-01,1
DON_00301,,24334.72,Pediatric Wing,2025-02-18,0
DON_00302,,23860.12,Dialysis Fund,2024-10-26,0
DON_00303,Phyllis Peterson,6119.81,Pediatric Wing,2024-08-03,0
DON_00304,Julia Burch,17913.71,Dialysis Fund,2026-04-11,1
DON_00305,William Hunt,5134.35,Cardiac Care,2024-08-28,0
DON_00306,Brad Ramirez,1093.02,Pediatric Wing,2026-06-28,0
DON_00307,Nancy Larson,10541.84,General Fund,2026-07-03,0
DON_00308,Janice Walls,8652.53,Emergency Relief,2026-01-10,0
DON_00309,Andrew Torres,2230.16,Pediatric Wing,2025-01-10,0
DON_00310,Deborah Harmon,10116.45,General Fund,2024-08-15,1
DON_00311,Jeffery Garrett,44749.87,Cardiac Care,2025-12-07,0
DON_00312,Cheryl Sanchez,19717.6,Emergency Relief,2024-08-18,1
DON_00313,Melissa Johnson,20141.19,Cardiac Care,2026-01-20,0
DON_00314,Thomas Mcconnell,21254.45,Cancer Ward,2025-09-22,0
DON_00315,Robert Smith,20475.85,Cancer Ward,2025-04-02,0
DON_00316,,301.53,Emergency Relief,2025-06-05,0
DON_00317,,38792.32,General Fund,2026-06-06,0
DON_00318,James Murphy,26591.51,Dialysis Fund,2025-06-03,0
DON_00319,,4815.05,Emergency Relief,2026-01-27,0
DON_00320,,12069.35,Cardiac Care,2025-04-07,0
DON_00321,Andrea Harris,14317.91,Pediatric Wing,2025-12-01,1
DON_00322,Cynthia Perez,2122.5,General Fund,2025-12-25,0
DON_00323,,4394.71,Emergency Relief,2025-11-16,1
DON_00324,Stacy Owens,352.87,Cardiac Care,2026-01-22,0
DON_00325,,29921.18,Equipment Fund,2026-02-03,1
DON_00326,Robert Thomas,378.31,Cancer Ward,2024-08-03,1
DON_00327,Lisa Lopez,5756.2,Cancer Ward,2024-12-30,0
DON_00328,Kimberly Armstrong,1222.16,Cancer Ward,2025-02-19,0
DON_00329,,22808.08,Cardiac Care,2025-11-10,0
DON_00330,Amy Taylor,38850.56,Cancer Ward,2024-08-23,1
DON_00331,Amber Cabrera,12411.0,Equipment Fund,2024-11-03,0
DON_00332,,2254.79,Cardiac Care,2026-05-15,0
DON_00333,Amy Johnson,12252.14,Dialysis Fund,2026-06-20,0
DON_00334,,22067.41,Dialysis Fund,2024-08-21,1
DON_00335,Brett Wilson,19009.88,Equipment Fund,2025-01-01,1
DON_00336,Janet May,20305.61,Emergency Relief,2025-04-10,0
DON_00337,Alexis Cantu,4910.36,Pediatric Wing,2026-06-11,0
DON_00338,Dr. Travis Clarke,1148.96,Cancer Ward,2026-06-03,0
DON_00339,Travis West,2419.51,Emergency Relief,2026-02-28,0
DON_00340,,46686.18,Emergency Relief,2025-08-15,0
DON_00341,,14259.89,Cardiac Care,2024-10-22,0
DON_00342,Sarah Lee,19523.76,Equipment Fund,2026-03-25,1
DON_00343,Kenneth Dyer,34399.12,Emergency Relief,2024-10-14,0
DON_00344,Kaitlyn Myers,28734.82,Dialysis Fund,2024-09-21,0
DON_00345,Shari Lee,3696.22,Equipment Fund,2025-11-03,0
DON_00346,Ethan Ball,897.21,Cardiac Care,2025-11-08,1
DON_00347,Scott Jones,38879.67,Pediatric Wing,2025-01-18,0
DON_00348,,59986.85,General Fund,2025-12-03,0
DON_00349,Amy Henderson,12567.19,Emergency Relief,2025-08-23,0
DON_00350,Melissa Myers,32892.77,Emergency Relief,2024-07-18,1
DON_00351,Jeffrey Austin,3955.89,Cardiac Care,2025-11-06,0
DON_00352,Dr. Bruce Soto MD,1765.52,Dialysis Fund,2025-08-27,0
DON_00353,Julian Grant,10391.72,Equipment Fund,2026-03-23,0
DON_00354,Joshua Brown,25004.69,Cancer Ward,2025-04-09,0
DON_00355,Timothy Cummings,15948.11,Cancer Ward,2026-05-14,0
DON_00356,Barbara Mcbride,15213.52,Pediatric Wing,2026-03-09,0
DON_00357,John Knapp,264.2,Cardiac Care,2026-05-05,0
DON_00358,,5729.74,Emergency Relief,2026-03-22,0
DON_00359,Laura Dominguez,42075.63,Pediatric Wing,2026-01-06,0
DON_00360,Chad Hawkins,2162.79,Cancer Ward,2025-04-20,0
DON_00361,James Hutchinson,19439.45,Dialysis Fund,2025-08-03,1
DON_00362,Wendy Curry,21363.75,Emergency Relief,2026-04-04,0
DON_00363,Edward Pineda,19798.23,Equipment Fund,2025-08-26,0
DON_00364,Patricia Martinez,68041.51,Cancer Ward,2025-02-17,0
DON_00365,April Johnston,7894.37,Emergency Relief,2024-10-28,0
DON_00366,Samantha Santos,17194.68,Cancer Ward,2025-11-22,0
DON_00367,Elizabeth Robinson,3228.66,Dialysis Fund,2024-12-12,0
DON_00368,Michelle Gill,7655.13,Emergency Relief,2026-06-26,0
DON_00369,Nicole Fernandez,10146.14,Cardiac Care,2024-08-04,1
DON_00370,Angela Ellis,3627.78,Pediatric Wing,2025-02-05,0
DON_00371,Christopher Guzman,35596.84,General Fund,2025-06-20,0
DON_00372,Michael Ward,18892.17,Cancer Ward,2024-08-22,0
DON_00373,Jennifer Mitchell,5006.05,Pediatric Wing,2024-08-09,0
DON_00374,Patricia Gallegos,2174.63,General Fund,2026-03-20,0
DON_00375,Amy Barnes,5092.37,Cardiac Care,2025-12-29,1
DON_00376,Karen Dean,14632.07,Emergency Relief,2025-09-14,1
DON_00377,Laurie Patel,26265.77,Cancer Ward,2024-07-17,0
DON_00378,William Rosario,10492.56,Emergency Relief,2025-06-10,0
DON_00379,Andrew Baker,1622.04,Pediatric Wing,2026-05-16,1
DON_00380,Amy Richardson,4301.53,Cardiac Care,2025-01-07,0
DON_00381,Bobby Powell,6350.1,Cancer Ward,2024-09-04,0
DON_00382,Katherine Booth,15164.64,Emergency Relief,2024-11-01,0
DON_00383,Nathaniel Thomas,4248.25,Cardiac Care,2025-08-23,0
DON_00384,Whitney Hill,3997.19,Pediatric Wing,2025-01-06,1
DON_00385,Daniel Hill,5057.33,General Fund,2025-05-12,1
DON_00386,Jasmine Solis,13466.78,Equipment Fund,2026-02-22,0
DON_00387,Melody Williams,10177.73,Cancer Ward,2025-01-31,1
DON_00388,Patricia Reynolds,27642.88,Dialysis Fund,2024-08-15,0
DON_00389,Michael Contreras,17956.56,Cancer Ward,2025-01-06,0
DON_00390,Lauren Harris,16486.17,Emergency Relief,2024-08-30,1
DON_00391,Whitney Davis,2520.07,Dialysis Fund,2024-12-14,0
DON_00392,Katherine Bradley,852.17,Pediatric Wing,2025-03-22,0
DON_00393,Taylor Owen,10700.21,Emergency Relief,2024-09-15,0
DON_00394,Terry Mcintosh,1115.06,Cardiac Care,2026-01-18,0
DON_00395,Autumn Weeks,6788.77,Dialysis Fund,2026-04-03,0
DON_00396,John Robbins,396.89,Emergency Relief,2024-10-23,0
DON_00397,Caleb Vasquez,2918.5,Pediatric Wing,2025-06-28,0
DON_00398,,1754.21,Equipment Fund,2025-07-10,1
DON_00399,Jessica Scott,24215.63,Dialysis Fund,2024-11-16,0
DON_00400,Lisa Jones,6372.61,Emergency Relief,2026-06-03,0
DON_00401,Erin Snyder,1231.93,General Fund,2026-03-29,0
DON_00402,John Moore,4628.07,Dialysis Fund,2026-03-18,0
DON_00403,Tyler Farmer,17223.72,Emergency Relief,2026-05-17,0
DON_00404,,20534.79,General Fund,2026-05-12,0
DON_00405,,1915.2,Pediatric Wing,2025-10-09,1
DON_00406,,22614.49,Dialysis Fund,2025-08-20,0
DON_00407,Tracy Spears,6943.85,Pediatric Wing,2025-02-09,0
DON_00408,Julian Williams,17062.6,Pediatric Wing,2026-03-15,1
DON_00409,Sarah Campbell,16698.63,Pediatric Wing,2026-01-23,0
DON_00410,Bailey Stein,23668.56,General Fund,2024-07-15,1
DON_00411,Dylan Gutierrez,17919.39,Equipment Fund,2024-11-13,0
DON_00412,Mrs. Kristin Kelly,594.66,Cardiac Care,2025-07-05,1
DON_00413,Mary Wallace,10993.33,Pediatric Wing,2025-12-18,0
DON_00414,Marie Obrien,2726.09,Pediatric Wing,2025-03-03,0
DON_00415,Zachary Mendoza,52580.65,Cardiac Care,2025-08-29,0
DON_00416,John Young,4432.38,Cardiac Care,2026-04-18,0
DON_00417,,8173.68,Dialysis Fund,2026-06-16,0
DON_00418,Rebecca Smith,3285.45,General Fund,2025-08-02,0
DON_00419,Hannah Martinez,2168.26,Equipment Fund,2024-12-19,0
DON_00420,Chad Anderson,13779.26,Cancer Ward,2025-08-21,0
DON_00421,John Jordan,10193.98,Cancer Ward,2025-04-12,0
DON_00422,Russell Wells,7041.89,Cancer Ward,2026-01-31,0
DON_00423,Becky Herrera,1339.34,Cardiac Care,2024-08-15,0
DON_00424,Mr. Ryan Jacobson Jr.,19974.78,Emergency Relief,2025-05-14,1
DON_00425,Tony Aguilar,88.1,Cancer Ward,2024-12-28,1
DON_00426,Louis Hernandez,9177.98,Cardiac Care,2024-08-23,1
DON_00427,Stephanie Adams,15018.42,Dialysis Fund,2026-03-08,0
DON_00428,Ana Rodriguez,8450.5,Cancer Ward,2026-02-05,1
DON_00429,,2023.71,Pediatric Wing,2025-08-04,1
DON_00430,Brenda Sloan,22593.06,Equipment Fund,2025-08-27,0
DON_00431,Angela Johnson,5872.19,General Fund,2026-02-19,0
DON_00432,,2171.15,Dialysis Fund,2025-02-05,0
DON_00433,Mark Tate,11986.48,General Fund,2026-02-15,0
DON_00434,Kevin Mclaughlin,290.37,Cardiac Care,2026-04-15,0
DON_00435,Ashley Baxter,5874.85,Emergency Relief,2025-10-21,0
DON_00436,,20833.01,Cardiac Care,2025-05-10,0
DON_00437,Tiffany Dennis,36578.02,General Fund,2024-09-22,0
DON_00438,Stephen Reyes,13437.31,Cardiac Care,2025-10-11,1
DON_00439,Jessica Burke,3681.06,Dialysis Fund,2025-08-14,0
DON_00440,Christopher Baker,3726.92,General Fund,2025-02-17,0
DON_00441,Meghan Barron,13890.26,Cancer Ward,2026-04-28,0
DON_00442,Zachary Navarro,7832.39,Emergency Relief,2025-06-24,0
DON_00443,Marcus Owen,2926.8,Emergency Relief,2025-01-25,0
DON_00444,Xavier Sherman,23224.93,Pediatric Wing,2025-05-18,0
DON_00445,Joseph Johnson,3351.71,Cardiac Care,2025-08-09,0
DON_00446,Sharon Potter,5821.18,Cancer Ward,2025-07-22,0
DON_00447,Tiffany Woods,950.96,General Fund,2025-04-29,0
DON_00448,Mrs. Shari Moore,18128.36,Cancer Ward,2025-04-17,0
DON_00449,Brittany Lawrence,4829.51,Emergency Relief,2024-07-20,0
DON_00450,,3976.43,Dialysis Fund,2025-11-22,0
DON_00451,Eric Smith,5422.26,Emergency Relief,2026-03-26,1
DON_00452,,31087.65,Emergency Relief,2025-04-03,0
DON_00453,Paul Hernandez,10947.75,Emergency Relief,2025-01-05,1
DON_00454,Kristina Wright,2577.58,General Fund,2025-03-20,1
DON_00455,Andrea Johnson,22340.26,Equipment Fund,2024-09-04,1
DON_00456,Brandon Lopez,3506.49,Dialysis Fund,2026-03-10,0
DON_00457,Julia Floyd,7977.58,Pediatric Wing,2026-02-12,0
DON_00458,,12592.58,Equipment Fund,2025-02-15,0
DON_00459,Sharon Howell,13172.03,Cardiac Care,2025-04-25,1
DON_00460,Jasmine Montgomery,1072.96,Equipment Fund,2025-03-17,0
DON_00461,Kelly Cowan,27192.1,Emergency Relief,2026-07-14,0
DON_00462,Joshua Lam,9792.49,Cancer Ward,2025-04-16,1
DON_00463,Mary Ortiz,68007.68,Cardiac Care,2025-10-14,0
DON_00464,Claudia Phillips,18958.09,Pediatric Wing,2025-04-03,0
DON_00465,,73531.23,Cardiac Care,2025-11-20,0
DON_00466,Samantha Small,9062.64,Cancer Ward,2025-09-20,0
DON_00467,Gerald Kramer,2275.98,Dialysis Fund,2025-10-14,1
DON_00468,Henry Mccormick,19491.26,Equipment Fund,2024-10-21,0
DON_00469,Crystal Blanchard,22559.98,Cardiac Care,2025-11-11,0
DON_00470,James Washington,28743.04,Pediatric Wing,2025-09-14,0
DON_00471,Rachel Faulkner,5381.21,Equipment Fund,2025-10-20,1
DON_00472,Collin King,10721.2,Cardiac Care,2025-03-16,0
DON_00473,Jesse Lawrence,29226.79,General Fund,2026-04-09,0
DON_00474,Vincent Welch,30007.93,Emergency Relief,2025-10-13,1
DON_00475,Sharon Adams,390.29,Emergency Relief,2024-08-20,0
DON_00476,Samantha Watson,16671.67,Emergency Relief,2025-02-01,0
DON_00477,Samuel Kelly,13807.77,Equipment Fund,2024-09-08,0
DON_00478,Jessica Fields,1305.24,Dialysis Fund,2024-10-04,0
DON_00479,Melissa Rush,39918.09,Pediatric Wing,2025-12-16,0
DON_00480,Michael Fleming,8841.87,Cardiac Care,2026-05-01,0
DON_00481,Richard Schmidt,16824.73,Cardiac Care,2026-04-17,0
DON_00482,,32157.82,Equipment Fund,2025-11-20,0
DON_00483,Katrina Frazier,2091.02,Emergency Relief,2026-02-07,0
DON_00484,Rachel Pugh,29052.8,Dialysis Fund,2025-08-08,0
DON_00485,,19326.94,Emergency Relief,2024-09-13,1
DON_00486,Monique Nelson,27450.55,Cancer Ward,2025-02-01,0
DON_00487,Amy Lewis,10243.07,Cardiac Care,2025-04-15,0
DON_00488,Kristin Miller,510.87,Emergency Relief,2025-04-27,0
DON_00489,,16653.41,Cardiac Care,2025-03-02,0
DON_00490,Christine Morris,7038.84,General Fund,2024-11-10,0
DON_00491,Gregory Chavez,7722.9,Pediatric Wing,2026-06-19,0
DON_00492,Patrick Jones,8731.12,Pediatric Wing,2026-03-10,0
DON_00493,Dana Lopez,10185.99,Cardiac Care,2025-10-01,0
DON_00494,Misty Hudson,16267.72,Cancer Ward,2024-11-06,0
DON_00495,Mariah Perkins,19461.93,Dialysis Fund,2026-03-01,0
DON_00496,Justin Wilson,22498.15,Dialysis Fund,2025-07-18,0
DON_00497,Christopher Brown,16703.13,Emergency Relief,2025-07-20,1
DON_00498,Kelly Duran,24404.82,Equipment Fund,2025-06-21,0
DON_00499,,1954.18,Equipment Fund,2025-10-08,1
DON_00500,Jason Jenkins,27193.31,Emergency Relief,2026-05-08,0
DON_00501,Jack Hull,7347.69,Equipment Fund,2024-10-15,1
DON_00502,Jimmy Ramos,11286.35,Cardiac Care,2024-11-10,1
DON_00503,Olivia Weaver MD,8531.57,Emergency Relief,2025-05-21,0
DON_00504,Adam Walters,9685.86,Dialysis Fund,2026-03-31,1
DON_00505,Justin Smith,5041.07,General Fund,2024-10-07,0
DON_00506,Ashley Murray,2794.06,Emergency Relief,2026-01-28,0
DON_00507,Mrs. Emily Carson DDS,1662.21,Equipment Fund,2025-05-03,0
DON_00508,Juan Giles,9005.75,Cancer Ward,2026-04-25,0
DON_00509,Patricia Molina,2007.45,Cardiac Care,2025-09-30,0
DON_00510,Amanda Moody,4215.33,Cancer Ward,2026-01-07,1
DON_00511,Autumn Reed,2151.4,Cardiac Care,2026-02-03,0
DON_00512,Michael Santos,1733.2,Cancer Ward,2024-11-05,0
DON_00513,Mary White,32114.8,Cancer Ward,2025-06-29,0
DON_00514,Miguel Jones,16814.06,Cardiac Care,2026-07-12,0
DON_00515,,38607.86,Cardiac Care,2025-04-10,0
DON_00516,Teresa Smith,15492.88,Cardiac Care,2024-11-17,0
DON_00517,Donald Curtis,27863.78,Pediatric Wing,2026-02-23,0
DON_00518,John Brennan,12155.28,Cancer Ward,2025-01-17,0
DON_00519,Nancy Warren,9316.03,Pediatric Wing,2025-07-19,0
DON_00520,John Smith,11276.82,Emergency Relief,2024-11-22,1
DON_00521,Paul Preston,5789.91,Emergency Relief,2026-04-26,0
DON_00522,Jason Andrews,16092.96,Cardiac Care,2025-12-07,0
DON_00523,Steven Guzman,34120.89,Emergency Relief,2025-05-11,1
DON_00524,Traci Stewart,22873.24,General Fund,2025-05-18,0
DON_00525,Adam Carter,9298.45,Equipment Fund,2026-05-17,1
DON_00526,Kendra Whitaker,46160.35,Pediatric Wing,2025-04-15,0
DON_00527,Julie Berry,63424.75,General Fund,2026-04-28,1
DON_00528,William Hall,10191.64,Pediatric Wing,2025-11-26,1
DON_00529,Nathan Bailey,29997.24,General Fund,2024-12-01,0
DON_00530,Nicholas Hudson,71.73,Emergency Relief,2024-09-03,0
DON_00531,Melissa Robinson,1034.72,Dialysis Fund,2026-07-01,1
DON_00532,Jeffrey Potts MD,339.66,Cancer Ward,2026-03-03,0
DON_00533,Devin Henry,22252.85,Pediatric Wing,2026-04-15,0
DON_00534,Steven Mckee MD,1247.12,Equipment Fund,2025-01-12,0
DON_00535,Carla Carter,257.96,General Fund,2026-05-25,1
DON_00536,Vincent Miller,2392.3,Dialysis Fund,2026-06-28,1
DON_00537,Courtney Ellis,5485.62,Dialysis Fund,2026-03-24,1
DON_00538,Jason Weber,9373.94,Cancer Ward,2024-07-27,0
DON_00539,,1014.6,Cardiac Care,2025-11-18,0
DON_00540,Michele Friedman,10366.71,Cancer Ward,2025-08-01,0
DON_00541,Sharon Bishop,4276.51,Emergency Relief,2025-06-21,0
DON_00542,,4810.76,Cancer Ward,2026-06-25,0
DON_00543,Christine Sullivan,25881.34,Equipment Fund,2026-04-16,0
DON_00544,,65054.17,Emergency Relief,2024-09-22,0
DON_00545,Jamie Parks,9350.51,Cancer Ward,2026-03-17,0
DON_00546,Alejandra Gallagher,5824.05,Cardiac Care,2024-08-23,0
DON_00547,James Henderson,40202.48,General Fund,2026-07-06,0
DON_00548,Dr. Jacob Hill,10410.67,Cancer Ward,2024-07-23,1
DON_00549,Randall Lopez,19659.66,Equipment Fund,2024-09-15,0
DON_00550,Allison Singleton,8009.88,Cardiac Care,2024-09-26,0
DON_00551,Daniel Benjamin,3395.02,General Fund,2026-05-07,0
DON_00552,,15958.17,Emergency Relief,2025-09-24,0
DON_00553,Tom Boone,16397.33,Emergency Relief,2026-04-26,0
DON_00554,,9247.9,General Fund,2024-11-27,0
DON_00555,,4719.63,General Fund,2025-04-07,0
DON_00556,Tom Gaines,26740.23,Cardiac Care,2025-01-13,1
DON_00557,,4830.34,Dialysis Fund,2025-01-28,0
DON_00558,Dawn Rodriguez,16139.15,General Fund,2024-12-12,0
DON_00559,Bill Sloan,7267.27,General Fund,2026-05-05,0
DON_00560,Ariel Johnson,9593.55,Emergency Relief,2024-09-26,0
DON_00561,Johnathan Williams,3562.49,Equipment Fund,2025-08-21,1
DON_00562,,15725.06,General Fund,2024-12-12,0
DON_00563,Matthew Stevenson,3839.38,Cancer Ward,2025-06-02,0
DON_00564,,9974.64,Dialysis Fund,2026-03-31,0
DON_00565,,5972.71,Cancer Ward,2026-03-10,0
DON_00566,Phillip Matthews,49700.16,Dialysis Fund,2025-03-12,1
DON_00567,Sabrina Holden,60446.14,General Fund,2025-01-23,0
DON_00568,,21005.37,Emergency Relief,2025-05-15,1
DON_00569,Cameron Mcintyre,61950.35,Cancer Ward,2026-05-03,0
DON_00570,Melissa Price,1807.97,Dialysis Fund,2024-12-16,0
DON_00571,Gerald Miller,73046.13,Equipment Fund,2024-10-15,0
DON_00572,Chad Scott,1639.79,Dialysis Fund,2026-03-30,0
DON_00573,Calvin Johnson,8053.74,General Fund,2026-05-02,1
DON_00574,Rita Ellis,4095.8,Cancer Ward,2024-11-07,0
DON_00575,Barry Roberts,46136.56,Emergency Relief,2025-12-05,0
DON_00576,William Gonzalez,15150.37,Cardiac Care,2024-10-02,0
DON_00577,,13637.03,Emergency Relief,2026-04-26,0
DON_00578,,89507.46,Emergency Relief,2025-09-16,0
DON_00579,Michael Clark,14217.73,Equipment Fund,2024-07-19,0
DON_00580,,15583.65,Cardiac Care,2025-03-22,1
DON_00581,Kevin Sanders,687.11,Cancer Ward,2026-02-16,0
DON_00582,Sarah Sellers,29390.31,Dialysis Fund,2025-06-04,0
DON_00583,Adam Clark,52643.15,General Fund,2025-09-08,0
DON_00584,Noah Collins,48400.28,Emergency Relief,2025-02-08,0
DON_00585,Thomas Garcia,3748.2,Emergency Relief,2025-01-01,0
DON_00586,Linda Koch,3841.11,Pediatric Wing,2026-01-07,0
DON_00587,,6836.71,General Fund,2025-11-08,0
DON_00588,Jimmy Nicholson,5570.52,Dialysis Fund,2026-04-12,1
DON_00589,Gary Taylor,5470.92,Emergency Relief,2026-01-28,0
DON_00590,Brian Martin,13941.27,General Fund,2025-07-03,1
DON_00591,Thomas Smith,24568.18,General Fund,2025-09-11,0
DON_00592,Elizabeth Carroll,41414.21,Dialysis Fund,2025-06-09,0
DON_00593,Melinda Rodriguez,1054.09,Dialysis Fund,2026-02-27,1
DON_00594,,4885.5,Dialysis Fund,2024-08-20,0
DON_00595,Kathleen Koch,4415.84,Emergency Relief,2024-11-08,0
DON_00596,Ryan Waters,6634.42,Cardiac Care,2025-07-15,1
DON_00597,Sean Roberts,8283.42,Dialysis Fund,2026-04-30,0
DON_00598,,7394.09,Emergency Relief,2024-12-11,0
DON_00599,,45594.39,Pediatric Wing,2026-06-05,0
DON_00600,John Hamilton,8620.57,Emergency Relief,2026-03-29,1
DON_00601,Casey Lewis,12030.8,Equipment Fund,2026-06-23,0
DON_00602,Stephen Keith,20712.64,Cancer Ward,2026-01-13,1
DON_00603,Ronald Mcpherson,19369.39,Equipment Fund,2026-01-02,0
DON_00604,,13118.76,Pediatric Wing,2025-01-07,1
DON_00605,Laura Stokes,29581.1,Cancer Ward,2025-07-24,0
DON_00606,Desiree Riley,14679.73,General Fund,2025-12-12,1
DON_00607,Justin Richardson,31162.71,Emergency Relief,2026-06-11,0
DON_00608,,5409.51,General Fund,2025-12-08,1
DON_00609,Beth Pruitt,2123.86,Emergency Relief,2025-08-23,0
DON_00610,Tiffany Charles,25682.07,General Fund,2026-02-17,1
DON_00611,Amanda Brooks,7231.58,General Fund,2026-02-27,0
DON_00612,Thomas Hernandez,15793.89,General Fund,2024-07-15,1
DON_00613,Amanda Franco,20051.78,Equipment Fund,2026-05-01,1
DON_00614,Kayla Murphy,5933.7,Cancer Ward,2025-04-30,0
DON_00615,Jessica Morris,10552.91,General Fund,2026-05-04,0
DON_00616,,33796.43,Dialysis Fund,2025-05-12,0
DON_00617,Anthony Harris,31778.13,Pediatric Wing,2025-10-06,1
DON_00618,Kyle Foster,20755.89,Pediatric Wing,2025-10-22,1
DON_00619,Stephen Holden,21578.95,Cardiac Care,2025-08-22,0
DON_00620,,34195.4,Emergency Relief,2025-10-13,1
DON_00621,Andrew Willis,19995.99,Cardiac Care,2025-06-20,0
DON_00622,Angel Hughes,6223.31,Pediatric Wing,2026-06-11,0
DON_00623,David Douglas,1930.85,Pediatric Wing,2024-12-03,0
DON_00624,Douglas Luna,8219.71,Equipment Fund,2026-04-22,0
DON_00625,Sara Wilson,1370.93,Emergency Relief,2024-07-25,0
DON_00626,Christopher Macdonald,1845.58,Cancer Ward,2025-10-14,0
DON_00627,Anna Hawkins,44987.7,Emergency Relief,2026-01-18,0
DON_00628,William Morgan,16899.94,General Fund,2026-04-03,1
DON_00629,Patrick Garcia,28618.54,Equipment Fund,2025-11-12,1
DON_00630,Marco Lewis,15446.06,Dialysis Fund,2026-01-14,0
DON_00631,Preston Price,8133.2,Equipment Fund,2024-10-05,0
DON_00632,Roger Martin,382.21,Dialysis Fund,2024-11-06,1
DON_00633,,46798.03,Cancer Ward,2025-04-12,0
DON_00634,Brian Morris,1103.61,Cardiac Care,2025-03-31,0
DON_00635,Adam Soto,14130.4,Emergency Relief,2025-04-29,0
DON_00636,Julia Brooks,1617.17,Cardiac Care,2025-05-06,0
DON_00637,Marcus Black,5014.22,Pediatric Wing,2026-03-11,0
DON_00638,Kevin Holmes,3083.56,Cardiac Care,2026-06-30,0
DON_00639,Alejandra Yang,12102.03,Cardiac Care,2025-11-29,1
DON_00640,Lisa Taylor,32715.52,Cancer Ward,2026-02-22,0
DON_00641,Charles Good,15143.47,General Fund,2025-08-01,0
DON_00642,Gary Spencer,16368.06,General Fund,2026-03-25,1
DON_00643,Jessica Forbes,35942.15,Emergency Relief,2026-01-22,0
DON_00644,Manuel Sullivan,20759.97,Pediatric Wing,2026-03-09,0
DON_00645,,30143.79,General Fund,2026-04-05,0
DON_00646,Allison Fields,8077.89,Cancer Ward,2024-07-18,0
DON_00647,Jennifer Williams,30076.85,Cardiac Care,2026-01-15,1
DON_00648,Jacqueline Sheppard,15571.0,Dialysis Fund,2025-03-06,0
DON_00649,Kimberly Parsons,2185.93,General Fund,2025-10-23,0
DON_00650,Margaret Webb,592.23,Cardiac Care,2025-05-17,1
DON_00651,Rachel Hunt,4196.39,Dialysis Fund,2025-09-15,0
DON_00652,Valerie Mckinney,7130.66,Cardiac Care,2025-11-09,1
DON_00653,,27262.43,General Fund,2024-08-12,0
DON_00654,,20278.08,Dialysis Fund,2024-08-07,0
DON_00655,Amber Manning,46642.16,Cardiac Care,2026-04-14,0
DON_00656,Cesar Fernandez,12286.6,Pediatric Wing,2025-05-13,0
DON_00657,Chelsea Morton,20659.52,Cancer Ward,2026-03-14,1
DON_00658,,4829.62,Pediatric Wing,2024-09-20,1
DON_00659,Taylor Cook,17071.74,Dialysis Fund,2026-04-24,0
DON_00660,Kyle Rodriguez,18370.35,Cancer Ward,2026-03-25,0
DON_00661,,28299.16,Emergency Relief,2026-07-06,0
DON_00662,Jennifer Perry,11531.11,Dialysis Fund,2025-10-31,1
DON_00663,Jessica Smith,15704.76,Cancer Ward,2024-09-16,0
DON_00664,Jennifer Roman,3404.43,Equipment Fund,2025-07-09,0
DON_00665,Brad Lucero,20020.28,Equipment Fund,2026-04-22,0
DON_00666,,27340.56,Emergency Relief,2025-09-26,0
DON_00667,,13511.35,Cardiac Care,2024-08-24,0
DON_00668,,1843.95,Equipment Fund,2025-12-06,0
DON_00669,Angelica Shannon,5628.2,Pediatric Wing,2025-03-07,0
DON_00670,Daniel Barnett,9680.07,Pediatric Wing,2025-06-12,0
DON_00671,Danielle Nunez,16959.09,General Fund,2025-08-13,0
DON_00672,Joseph Holt,5792.15,Dialysis Fund,2025-08-20,0
DON_00673,Michelle Blevins,27516.03,Equipment Fund,2024-11-18,0
DON_00674,Martin Duffy,6973.21,Cardiac Care,2026-06-11,0
DON_00675,Leslie James,656.71,Cancer Ward,2024-09-07,1
DON_00676,Julie Martinez,23697.78,Cancer Ward,2026-05-29,0
DON_00677,Emma Delgado,15501.77,Equipment Fund,2025-03-27,1
DON_00678,,24289.03,Equipment Fund,2025-02-10,1
DON_00679,Matthew Cardenas,6436.15,Dialysis Fund,2024-09-11,0
DON_00680,,266.81,Pediatric Wing,2024-12-14,0
DON_00681,,1149.21,Dialysis Fund,2024-07-19,0
DON_00682,James Vance,1778.39,Emergency Relief,2026-07-14,1
DON_00683,Tina Mccormick,24532.69,Cardiac Care,2024-12-02,0
DON_00684,Jason Kirk,5380.9,Equipment Fund,2024-07-16,1
DON_00685,Selena Green,92476.63,Equipment Fund,2025-11-04,0
DON_00686,Catherine Bauer,21306.36,Equipment Fund,2026-05-06,0
DON_00687,Ruben Alvarez,13787.73,General Fund,2026-06-06,0
DON_00688,Lawrence White,61674.87,Pediatric Wing,2025-11-09,0
DON_00689,Amber Davidson,5703.74,Equipment Fund,2024-11-08,0
DON_00690,Tina Steele,2715.92,Emergency Relief,2024-08-06,1
DON_00691,Barry Schmidt,20049.6,Pediatric Wing,2025-05-22,0
DON_00692,Aaron Kidd,4887.68,Pediatric Wing,2025-07-11,0
DON_00693,Samantha Garcia,48677.11,Dialysis Fund,2025-05-02,0
DON_00694,Tommy Harris,66429.62,Dialysis Fund,2025-02-24,0
DON_00695,,39137.55,Equipment Fund,2025-04-27,0
DON_00696,Samuel Jones,43441.5,Pediatric Wing,2025-10-11,0
DON_00697,Stephen Gonzalez,14343.21,Equipment Fund,2025-11-01,1
DON_00698,Amy Schneider,17670.61,Pediatric Wing,2026-03-10,0
DON_00699,Amanda Malone,1484.82,Pediatric Wing,2025-07-02,0
DON_00700,Shane Dunn,21598.6,Emergency Relief,2025-01-14,0
DON_00701,Joshua Newton,3385.89,Equipment Fund,2026-05-24,0
DON_00702,Arthur Tucker,27519.32,General Fund,2026-05-07,0
DON_00703,,48868.86,Cardiac Care,2026-05-04,1
DON_00704,,3581.05,General Fund,2025-09-22,0
DON_00705,,1218.66,General Fund,2024-09-19,0
DON_00706,Juan Collins,9921.53,Equipment Fund,2025-11-29,1
DON_00707,Christopher Holmes,23520.8,Equipment Fund,2026-05-16,1
DON_00708,Jennifer Gonzales,22086.95,Cancer Ward,2025-06-30,0
DON_00709,Caroline Meyer,17901.35,Cancer Ward,2025-05-02,1
DON_00710,Richard Yang,25780.09,Emergency Relief,2026-07-12,0
DON_00711,Todd Perez,2885.37,Cardiac Care,2026-02-04,0
DON_00712,Tracy Perkins,15830.61,Emergency Relief,2025-11-01,0
DON_00713,,13958.86,Cardiac Care,2025-01-09,0
DON_00714,John Roberts,2498.47,Pediatric Wing,2025-05-21,0
DON_00715,Randy Anderson,8027.47,Pediatric Wing,2024-12-29,0
DON_00716,Megan Castro,28711.93,Emergency Relief,2026-01-24,0
DON_00717,Tammy Hughes,53527.46,Cardiac Care,2025-11-21,1
DON_00718,Crystal Stokes,16423.65,Dialysis Fund,2025-12-23,0
DON_00719,Cody Jones,38254.36,Emergency Relief,2025-06-13,0
DON_00720,Mr. Manuel Brooks DVM,2124.3,Emergency Relief,2025-09-12,0
DON_00721,Catherine Hammond,55369.55,General Fund,2025-03-04,0
DON_00722,Samuel Newman,511.21,Dialysis Fund,2026-01-04,0
DON_00723,,11238.12,Equipment Fund,2024-10-26,0
DON_00724,Kenneth Soto,5158.67,Emergency Relief,2026-05-16,1
DON_00725,,25222.8,General Fund,2025-03-12,0
DON_00726,Preston Morales,3679.76,Cardiac Care,2024-12-17,0
DON_00727,Larry Parker,173.96,Emergency Relief,2025-03-01,1
DON_00728,Tracy Baxter,8032.14,Cancer Ward,2025-04-11,0
DON_00729,Sydney Gonzalez,993.83,Cardiac Care,2025-03-23,0
DON_00730,John Jarvis,5139.31,General Fund,2025-09-22,0
DON_00731,Keith Schaefer,15481.74,Emergency Relief,2026-04-16,0
DON_00732,Joshua Stevenson,5237.05,Equipment Fund,2025-05-27,0
DON_00733,Stephanie Shaw,4231.33,General Fund,2026-05-21,0
DON_00734,Alan King,2535.08,Pediatric Wing,2024-07-18,0
DON_00735,Robin Harris PhD,2178.37,Cancer Ward,2025-08-22,0
DON_00736,Timothy Smith,11193.71,Equipment Fund,2024-08-25,0
DON_00737,,17162.32,Pediatric Wing,2026-04-07,0
DON_00738,Leah Smith,9042.28,Pediatric Wing,2024-08-14,1
DON_00739,Brenda Higgins,1979.04,Cardiac Care,2026-02-01,0
DON_00740,Brenda Price,15651.48,Dialysis Fund,2026-06-27,0
DON_00741,Joshua Thompson,12216.91,Cancer Ward,2026-06-01,0
DON_00742,Janice Walters,7201.43,Dialysis Fund,2025-08-31,0
DON_00743,,6008.21,Dialysis Fund,2026-07-08,1
DON_00744,Chad Sawyer,3034.55,Equipment Fund,2024-12-14,0
DON_00745,Melissa Meyer,2372.62,Equipment Fund,2025-12-13,0
DON_00746,Kenneth Carroll,6204.84,Cardiac Care,2026-01-06,0
DON_00747,,637.84,Cancer Ward,2025-05-27,0
DON_00748,Michael Schneider,8607.21,Pediatric Wing,2025-04-21,1
DON_00749,James Massey,13803.5,Cardiac Care,2026-01-08,0
DON_00750,Mrs. Jessica Hart,42620.54,General Fund,2024-09-13,0
DON_00751,Christine Smith,14745.6,Equipment Fund,2025-03-20,0
DON_00752,,14675.53,Cardiac Care,2025-11-01,0
DON_00753,Michael Chambers,7036.02,Cancer Ward,2025-07-24,0
DON_00754,Jordan Snyder,2146.23,General Fund,2025-09-20,0
DON_00755,Jacqueline Smith,8884.27,Emergency Relief,2026-05-21,1
DON_00756,Joel Jones,13694.8,Cancer Ward,2025-06-14,0
DON_00757,Terri Perez,19312.14,Cardiac Care,2025-06-03,0
DON_00758,Brian Baker,26237.98,Equipment Fund,2026-03-17,0
DON_00759,,4434.26,Emergency Relief,2024-09-14,0
DON_00760,Abigail Montgomery,4140.65,Cardiac Care,2026-02-13,0
DON_00761,Maria Kramer,12496.48,Pediatric Wing,2024-12-31,1
DON_00762,,12521.19,General Fund,2025-02-12,1
DON_00763,Elizabeth Matthews,3687.51,Dialysis Fund,2026-06-20,0
DON_00764,Katie Landry,13281.89,Cancer Ward,2025-05-11,0
DON_00765,Shirley Christensen,6366.94,Cardiac Care,2024-10-03,0
DON_00766,Kimberly Haney,15296.25,General Fund,2025-12-11,0
DON_00767,Scott Edwards,5159.44,General Fund,2024-08-14,0
DON_00768,Richard Torres,13458.05,Dialysis Fund,2025-04-18,0
DON_00769,Miguel Yoder,21935.33,Equipment Fund,2025-05-05,0
DON_00770,Fernando Howard,58799.9,Cardiac Care,2025-11-19,0
DON_00771,Hannah Obrien,36298.26,Cardiac Care,2025-01-06,0
DON_00772,James King,10503.75,Dialysis Fund,2026-06-30,0
DON_00773,Andrew Kirby,10051.69,Dialysis Fund,2024-07-25,0
DON_00774,John Smith,8635.8,Dialysis Fund,2025-03-13,0
DON_00775,David Tucker,422.14,Cancer Ward,2024-12-28,1
DON_00776,Michael Edwards,2722.01,Pediatric Wing,2025-08-30,0
DON_00777,Lisa Gross,915.2,Equipment Fund,2026-03-02,0
DON_00778,Jennifer Hendricks,17878.44,Pediatric Wing,2025-01-16,1
DON_00779,Christine Yates,7996.95,Dialysis Fund,2026-04-17,0
DON_00780,Eric Mclaughlin,988.41,Dialysis Fund,2025-10-05,0
DON_00781,Eric Stewart,17595.6,Cardiac Care,2024-12-31,0
DON_00782,Michael Pham,15510.74,Cancer Ward,2024-08-12,0
DON_00783,Richard Downs,19092.49,Cardiac Care,2025-12-14,0
DON_00784,Hayden Nixon,13738.14,Dialysis Fund,2024-08-05,0
DON_00785,,2642.82,Pediatric Wing,2025-02-24,0
DON_00786,,950.37,Emergency Relief,2025-03-01,0
DON_00787,,25485.6,Cancer Ward,2025-01-03,0
DON_00788,Dale Willis,3646.54,Cardiac Care,2025-03-29,0
DON_00789,,11730.63,Cardiac Care,2025-10-04,0
DON_00790,Vernon Vega,9960.15,Cancer Ward,2025-10-22,1
DON_00791,Lance Weber,38084.59,Equipment Fund,2026-03-28,0
DON_00792,,12059.16,Pediatric Wing,2025-04-21,1
DON_00793,Kenneth Howard,13013.11,Pediatric Wing,2026-04-21,0
DON_00794,Debra Newman,5774.02,Dialysis Fund,2024-10-22,0
DON_00795,Scott Todd,47801.47,General Fund,2026-02-26,1
DON_00796,Barbara Nunez,14215.71,General Fund,2025-06-01,0
DON_00797,Dennis Conway,74.89,Equipment Fund,2026-01-23,0
DON_00798,Benjamin Garner,12181.74,General Fund,2025-11-25,0
DON_00799,Janet Flores,6785.18,Equipment Fund,2024-10-16,0
DON_00800,Jeffrey Lucas,489.59,Cancer Ward,2025-08-16,0
DON_00801,,8472.62,Cancer Ward,2025-08-11,0
DON_00802,Robert Wiley,22279.56,Cardiac Care,2025-06-01,0
DON_00803,Elizabeth Merritt,10511.32,Cancer Ward,2025-09-24,0
DON_00804,Scott Hurst,15302.25,Cancer Ward,2026-01-04,0
DON_00805,Heather Medina,15314.0,Pediatric Wing,2025-09-26,0
DON_00806,,16676.34,Dialysis Fund,2025-04-22,0
DON_00807,Miranda Flynn,7355.45,General Fund,2024-10-19,0
DON_00808,Michael Moore,6930.65,Pediatric Wing,2025-12-14,0
DON_00809,Joshua Gonzales,68.93,Cardiac Care,2024-12-26,0
DON_00810,Katherine Rios,2512.48,Emergency Relief,2025-07-28,0
DON_00811,James Hamilton,45181.04,Equipment Fund,2025-04-24,0
DON_00812,Mark Walters,27717.02,Cardiac Care,2026-05-23,1
DON_00813,Gary Collins,4826.0,Emergency Relief,2025-04-11,0
DON_00814,Colleen Murray,7692.21,Cancer Ward,2024-07-16,0
DON_00815,Mary Young,42181.5,Cancer Ward,2025-03-27,0
DON_00816,Gary Jones,4324.12,Cancer Ward,2026-05-05,1
DON_00817,Kyle Wright,11406.4,Dialysis Fund,2025-11-19,1
DON_00818,Joseph Morris,334.91,Dialysis Fund,2024-07-26,0
DON_00819,Tracey Parker,14503.3,Equipment Fund,2024-10-21,0
DON_00820,,39904.68,Dialysis Fund,2025-07-07,0
DON_00821,Joy Santos,32408.91,Cancer Ward,2026-04-22,0
DON_00822,Rachel Shaw,10456.4,Emergency Relief,2026-05-05,0
DON_00823,Derek Bentley,15732.0,Cardiac Care,2024-09-19,0
DON_00824,Rebecca Johnson,12652.51,Dialysis Fund,2025-12-31,0
DON_00825,Robert Ross,1039.84,Cancer Ward,2025-10-18,0
DON_00826,Ashley Dixon,2592.52,Pediatric Wing,2026-03-11,0
DON_00827,Brooke Nelson,49787.62,Cancer Ward,2026-03-14,1
DON_00828,Casey Flores,4435.08,Cancer Ward,2025-02-07,1
DON_00829,Jacob May,7278.57,General Fund,2024-12-04,1
DON_00830,Evan Green,10667.97,Equipment Fund,2025-05-04,0
DON_00831,,58043.17,Dialysis Fund,2025-05-28,0
DON_00832,Dustin Ramirez,17567.43,Emergency Relief,2025-10-20,1
DON_00833,David Barnes,14897.52,General Fund,2025-02-19,1
DON_00834,Jessica Riley,11147.67,Pediatric Wing,2025-04-17,0
DON_00835,,18093.35,Equipment Fund,2026-01-11,1
DON_00836,Laurie Berry,16360.37,Dialysis Fund,2024-08-03,0
DON_00837,Tracy Lane,34971.08,Dialysis Fund,2026-03-28,0
DON_00838,Gary Klein,11707.9,Cancer Ward,2026-02-14,0
DON_00839,Amanda Salas,8209.82,Dialysis Fund,2026-06-27,1
DON_00840,Michelle Barnett,24688.57,Cancer Ward,2026-06-27,1
DON_00841,Erica Jones,24125.33,Cancer Ward,2025-01-21,0
DON_00842,Nathaniel Acosta,2791.99,Cardiac Care,2024-11-19,0
DON_00843,Daniel Tanner,4053.37,Emergency Relief,2024-09-06,0
DON_00844,Erin Hopkins,47780.99,Cancer Ward,2025-08-17,1
DON_00845,Gary Perkins,8807.76,Equipment Fund,2024-08-17,0
DON_00846,,10998.94,General Fund,2026-05-17,0
DON_00847,Misty Collins,5569.44,Pediatric Wing,2025-01-14,1
DON_00848,Catherine Decker,9839.82,Emergency Relief,2025-06-07,0
DON_00849,Savannah Fitzpatrick,20401.02,Cancer Ward,2025-08-02,0
DON_00850,Christopher Vazquez,9876.7,Dialysis Fund,2025-11-16,0
DON_00851,Patricia Smith,5670.33,General Fund,2026-07-06,0
DON_00852,Krystal Vance,1513.91,General Fund,2024-09-10,0
DON_00853,Joseph Chen,39520.92,Cancer Ward,2026-02-17,1
DON_00854,Dennis Rubio,30795.83,Emergency Relief,2025-03-30,1
DON_00855,Larry Francis,23507.53,Emergency Relief,2026-05-30,0
DON_00856,Ronald Tucker,17766.03,Equipment Fund,2025-10-18,0
DON_00857,Carrie Moran,10869.87,Cancer Ward,2024-11-28,1
DON_00858,Katherine Figueroa PhD,34153.29,Cardiac Care,2026-01-15,0
DON_00859,John Acosta,23531.75,Dialysis Fund,2025-09-25,0
DON_00860,,25393.18,Pediatric Wing,2025-05-20,0
DON_00861,,5556.19,Dialysis Fund,2025-05-17,0
DON_00862,Robert Bailey,8260.61,Pediatric Wing,2025-04-22,0
DON_00863,Donald Baker,18403.62,Dialysis Fund,2025-11-29,0
DON_00864,Tyler Baker,6955.85,Equipment Fund,2026-07-15,0
DON_00865,,10217.53,Cardiac Care,2025-10-07,0
DON_00866,Robert Donaldson,15598.63,General Fund,2024-11-13,1
DON_00867,Robert Bennett,8637.35,Equipment Fund,2025-03-14,0
DON_00868,Justin Hayes,23628.42,Equipment Fund,2024-11-20,0
DON_00869,Manuel Diaz,1854.21,Emergency Relief,2026-02-25,0
DON_00870,Mary James,18990.73,Emergency Relief,2026-03-15,1
DON_00871,Rachel Alexander,2353.49,Pediatric Wing,2025-02-14,1
DON_00872,Heather Barron,41670.57,Equipment Fund,2025-10-27,1
DON_00873,Anita Horn,5653.99,Equipment Fund,2024-10-07,0
DON_00874,Jo Valencia,23802.85,Emergency Relief,2025-07-28,0
DON_00875,James Morton,11053.88,Cardiac Care,2025-05-11,1
DON_00876,Desiree Williams,1432.59,Emergency Relief,2025-11-22,0
DON_00877,Blake Hamilton,13105.18,Dialysis Fund,2024-12-07,0
DON_00878,Amanda Villa,36486.6,Cardiac Care,2025-08-30,1
DON_00879,Melissa Gross,2566.0,Cancer Ward,2025-11-05,0
DON_00880,,5813.79,Cancer Ward,2024-11-11,0
DON_00881,Gail Noble,8674.76,Cardiac Care,2025-01-31,0
DON_00882,Emily Le,4824.85,Pediatric Wing,2025-11-23,0
DON_00883,Matthew Taylor,43177.1,Pediatric Wing,2025-11-27,0
DON_00884,David Stephens,7110.18,Cancer Ward,2025-01-02,1
DON_00885,Victoria Brewer,16096.89,Emergency Relief,2025-01-26,0
DON_00886,Sarah Mccarty,3802.43,Pediatric Wing,2025-04-14,0
DON_00887,Teresa Simpson,3721.27,Dialysis Fund,2025-11-03,0
DON_00888,Wayne Martinez,2901.03,Emergency Relief,2024-08-29,0
DON_00889,Lisa Buckley,8558.96,Emergency Relief,2025-07-04,1
DON_00890,Tonya Reyes,11416.84,Equipment Fund,2024-10-27,0
DON_00891,Jonathan Warner,162.1,Equipment Fund,2025-06-10,0
DON_00892,,26839.55,Equipment Fund,2024-10-01,1
DON_00893,Donna Glover,10784.79,Cancer Ward,2024-11-02,0
DON_00894,Diana Barnes,2565.56,Dialysis Fund,2024-11-29,0
DON_00895,Alice Pope,1044.97,Cancer Ward,2026-06-08,0
DON_00896,Antonio Day,979.27,Emergency Relief,2025-01-07,0
DON_00897,Tiffany Wagner,4468.89,Cardiac Care,2025-05-05,0
DON_00898,Jennifer Vasquez,10375.99,Equipment Fund,2026-05-02,0
DON_00899,,29517.38,Cancer Ward,2024-12-28,0
DON_00900,Marissa Stewart,34990.32,Pediatric Wing,2025-11-07,0
DON_00901,Michelle Jordan,26786.18,General Fund,2024-10-06,0
DON_00902,Sarah Harris,5975.04,Equipment Fund,2025-09-21,1
DON_00903,,5491.31,Dialysis Fund,2024-09-11,0
DON_00904,Kimberly Lewis,65680.5,Dialysis Fund,2024-12-26,1
DON_00905,Andrew Taylor,17151.66,General Fund,2026-01-05,0
DON_00906,Beth Olson,5456.61,General Fund,2025-10-26,0
DON_00907,Kathy King,5986.58,Pediatric Wing,2025-05-12,0
DON_00908,Daniel Hogan,8554.51,Cancer Ward,2025-08-02,0
DON_00909,Nicole Lee,14585.25,Dialysis Fund,2026-04-08,0
DON_00910,Cody Wright,34238.67,Cardiac Care,2024-10-12,1
DON_00911,Damon Ward,3315.45,Dialysis Fund,2025-06-18,0
DON_00912,Erik Rogers,1322.69,Cancer Ward,2025-11-28,1
DON_00913,Cory King,7806.88,General Fund,2024-08-25,1
DON_00914,Katrina Brennan,4224.62,Pediatric Wing,2025-03-29,1
DON_00915,Anthony Lucas,12871.48,Cardiac Care,2025-06-22,0
DON_00916,,18020.39,Pediatric Wing,2025-01-20,0
DON_00917,,5581.96,Equipment Fund,2025-08-05,1
DON_00918,Jessica Baker,17349.24,Emergency Relief,2025-01-17,0
DON_00919,Jerry Poole,6304.43,Equipment Fund,2024-09-01,1
DON_00920,William Wiggins,15116.56,Dialysis Fund,2025-11-04,1
DON_00921,Joseph Delacruz,15038.39,Pediatric Wing,2025-01-11,0
DON_00922,,4889.27,Cancer Ward,2024-10-22,0
DON_00923,Natalie Gonzales,15147.6,Pediatric Wing,2026-07-05,0
DON_00924,Darryl Lewis,7193.66,Cancer Ward,2026-03-31,1
DON_00925,Angela Carter,6152.38,Cancer Ward,2026-06-27,1
DON_00926,Melissa Adkins,5122.31,General Fund,2025-11-10,0
DON_00927,Rachel Allen,6361.58,Cancer Ward,2025-06-04,0
DON_00928,John Perez,23178.99,Equipment Fund,2024-10-26,0
DON_00929,Ryan Perry,4219.12,Equipment Fund,2025-04-30,0
DON_00930,Nathan Tate,17184.96,Pediatric Wing,2025-06-17,1
DON_00931,,34632.15,General Fund,2026-07-12,0
DON_00932,Rebecca Lynn,6471.65,Cardiac Care,2025-07-23,0
DON_00933,Catherine Houston,449.34,Cardiac Care,2025-05-03,1
DON_00934,Peggy Young,373.71,Emergency Relief,2025-02-16,1
DON_00935,Scott Barnes,2253.68,Pediatric Wing,2025-01-06,0
DON_00936,Joseph Wheeler,1748.76,Cancer Ward,2024-07-16,0
DON_00937,Samantha Reeves,20679.97,Cardiac Care,2024-07-23,0
DON_00938,,5240.19,Cardiac Care,2024-08-03,0
DON_00939,Summer Castro,15855.28,Dialysis Fund,2025-02-20,0
DON_00940,Ian Silva,650.75,Emergency Relief,2026-04-16,0
DON_00941,Kristin Barry,5259.12,Equipment Fund,2025-02-11,0
DON_00942,Keith Randall,4001.46,Emergency Relief,2025-03-16,0
DON_00943,Alice Young,4862.71,Equipment Fund,2026-02-15,1
DON_00944,Katherine Butler,3174.11,General Fund,2026-02-18,0
DON_00945,Brandi Robinson MD,14431.72,Cancer Ward,2024-09-04,0
DON_00946,Rodney White,16300.53,Equipment Fund,2024-12-16,1
DON_00947,David Bennett,2410.73,Equipment Fund,2024-12-09,0
DON_00948,Troy Mckee,20272.37,Pediatric Wing,2026-07-15,0
DON_00949,Brian Luna,4316.14,Cardiac Care,2024-12-29,0
DON_00950,Kimberly Guzman,4988.57,Cancer Ward,2025-10-26,0
DON_00951,Steven Green,26474.57,Equipment Fund,2025-08-19,0
DON_00952,Matthew Moore,34714.69,Emergency Relief,2025-01-21,1
DON_00953,Philip Griffith,26123.67,Dialysis Fund,2025-02-15,1
DON_00954,Melissa Hill,2398.36,Cardiac Care,2025-06-07,0
DON_00955,,108288.47,Emergency Relief,2024-08-02,0
DON_00956,Keith Curtis,16728.23,Equipment Fund,2025-09-16,0
DON_00957,,10720.73,General Fund,2025-12-09,0
DON_00958,Beverly Flores,46463.62,General Fund,2024-11-12,0
DON_00959,Richard Gonzales,25505.25,Cancer Ward,2025-06-15,0
DON_00960,Brian Ross,17652.32,Cancer Ward,2025-08-02,0
DON_00961,,27339.21,Dialysis Fund,2025-08-11,0
DON_00962,David Mcintyre,7303.38,Equipment Fund,2024-07-23,0
DON_00963,Mark Conner,17301.02,Dialysis Fund,2025-02-16,1
DON_00964,Tiffany Allen,3171.56,Equipment Fund,2025-11-30,0
DON_00965,Danielle Friedman,66343.52,Dialysis Fund,2026-05-08,0
DON_00966,Kelly Hull,13336.76,Cancer Ward,2025-07-10,0
DON_00967,,25249.27,Dialysis Fund,2026-05-29,1
DON_00968,Patricia Wise,7847.01,Cardiac Care,2026-07-04,0
DON_00969,Melinda Fuentes,21318.8,Dialysis Fund,2024-12-25,0
DON_00970,Amanda Avila,7350.28,Cardiac Care,2024-11-17,0
DON_00971,Dennis Jarvis,13374.16,Cardiac Care,2025-12-21,0
DON_00972,Sarah Juarez,22585.28,Emergency Relief,2026-04-16,0
DON_00973,Brenda Lee,1857.52,Emergency Relief,2025-09-30,0
DON_00974,Heather Maldonado,6619.16,Emergency Relief,2024-12-15,0
DON_00975,Brandy Edwards,11809.79,Emergency Relief,2025-01-08,0
DON_00976,,6096.93,Pediatric Wing,2025-12-19,0
DON_00977,Megan Thomas,5547.86,Pediatric Wing,2026-06-22,0
DON_00978,Hannah Carter,4962.27,Cardiac Care,2025-01-24,0
DON_00979,Carmen Choi,3877.52,Cancer Ward,2025-01-31,1
DON_00980,Brett Nguyen,28347.65,General Fund,2025-08-05,0
DON_00981,Danny Williams,38594.1,General Fund,2025-04-09,0
DON_00982,Margaret Gillespie,18068.07,Pediatric Wing,2025-08-06,0
DON_00983,Henry Cline,456.88,Pediatric Wing,2025-02-06,0
DON_00984,Noah Robinson,23143.04,Cardiac Care,2025-12-21,0
DON_00985,Savannah Johnson,11387.38,General Fund,2025-02-22,0
DON_00986,,21289.09,Dialysis Fund,2025-02-03,0
DON_00987,,8626.15,Dialysis Fund,2024-07-15,0
DON_00988,Alexander Coffey DVM,632.37,Dialysis Fund,2024-11-12,0
DON_00989,Cody White,17173.53,Cancer Ward,2026-07-05,0
DON_00990,Mark Hernandez,8808.27,General Fund,2025-08-21,0
DON_00991,Alexander Jones,31077.28,Equipment Fund,2026-06-24,0
DON_00992,Joseph Leonard,20099.06,Cancer Ward,2025-10-19,0
DON_00993,,6684.04,Pediatric Wing,2024-08-05,0
DON_00994,William Rogers,19314.77,General Fund,2025-01-13,0
DON_00995,,10254.15,Pediatric Wing,2025-03-23,0
DON_00996,Alan Morton,3336.73,Equipment Fund,2026-01-18,0
DON_00997,Cristina Brooks,8167.97,General Fund,2026-02-04,0
DON_00998,Danielle Pitts,3776.28,Cardiac Care,2024-08-08,0
DON_00999,,74.83,Cardiac Care,2024-08-26,0
DON_01000,Mitchell Ellis,4251.28,Equipment Fund,2026-07-02,1
DON_01001,Brady Mcclure,3526.75,Dialysis Fund,2024-09-13,0
DON_01002,Maria Allen,65.2,General Fund,2025-03-15,0
DON_01003,,22981.97,General Fund,2025-08-02,1
DON_01004,Wesley Scott,1201.65,Pediatric Wing,2024-10-27,0
DON_01005,Susan Gomez,8941.92,Pediatric Wing,2025-10-09,0
DON_01006,,8116.26,Cardiac Care,2024-12-03,0
DON_01007,Lisa Harrison,3002.54,Emergency Relief,2025-09-26,0
DON_01008,Robert Shepard,51109.06,Dialysis Fund,2026-06-02,0
DON_01009,Caleb Mathews,13885.03,Cardiac Care,2026-02-15,0
DON_01010,Juan Patton,25190.91,Equipment Fund,2025-06-14,1
DON_01011,Kelly Gordon,10281.87,Emergency Relief,2026-04-30,0
DON_01012,Tiffany Thompson,19245.89,Dialysis Fund,2024-10-14,0
DON_01013,Caroline Jennings,52488.38,Pediatric Wing,2024-11-23,0
DON_01014,Sarah Brown,6424.99,Dialysis Fund,2025-07-12,0
DON_01015,Todd Haynes,10525.67,Equipment Fund,2025-05-04,0
DON_01016,Megan Blake,10839.78,Pediatric Wing,2025-09-01,1
DON_01017,,72414.99,General Fund,2024-09-02,0
DON_01018,Heather Bruce,3980.97,Dialysis Fund,2026-03-01,0
DON_01019,Alice Zimmerman,16873.15,Dialysis Fund,2026-04-27,1
DON_01020,Jose Bailey,2231.5,Cancer Ward,2024-08-24,0
DON_01021,,39274.55,Emergency Relief,2026-03-14,1
DON_01022,Kristen Kennedy,13387.95,Dialysis Fund,2025-09-15,0
DON_01023,Abigail James,29428.77,Cardiac Care,2025-05-05,0
DON_01024,John Smith,33841.47,Dialysis Fund,2026-03-19,0
DON_01025,Steven Lara,12216.5,Emergency Relief,2025-02-13,0
DON_01026,Alexander Harris,17185.9,Pediatric Wing,2026-02-03,0
DON_01027,Suzanne Perez,17995.76,Equipment Fund,2025-04-09,0
DON_01028,Michael Nguyen,9256.15,Equipment Fund,2026-02-28,0
DON_01029,Ernest Avila,8559.65,Emergency Relief,2025-01-05,0
DON_01030,Veronica Brown,3090.39,Equipment Fund,2025-12-05,1
DON_01031,Joy Kelly,7265.54,Dialysis Fund,2026-07-12,0
DON_01032,Alexis Rodriguez,70258.24,General Fund,2025-10-16,0
DON_01033,Joshua Williams,4717.82,Cancer Ward,2024-08-31,0
DON_01034,Bruce Larsen,21560.08,Emergency Relief,2025-01-17,0
DON_01035,Dustin Davis,917.72,Equipment Fund,2025-01-31,0
DON_01036,,9451.71,General Fund,2026-02-18,0
DON_01037,Robert Carter,902.78,Cancer Ward,2026-05-18,0
DON_01038,Earl Greer,9688.23,Pediatric Wing,2025-11-24,0
DON_01039,Barbara Reed,419.09,General Fund,2025-06-08,0
DON_01040,,14251.39,Cardiac Care,2025-08-23,0
DON_01041,Rachel Wiggins,13246.8,Dialysis Fund,2024-12-19,0
DON_01042,,23980.68,Cancer Ward,2025-05-20,0
DON_01043,Robert Mason,13130.33,General Fund,2024-07-21,0
DON_01044,Lawrence Lopez,39055.18,Equipment Fund,2025-05-06,1
DON_01045,,22925.1,Emergency Relief,2025-03-13,1
DON_01046,Oscar Phillips,2134.8,Pediatric Wing,2026-05-23,0
DON_01047,Cole Pierce,4627.93,Cancer Ward,2024-12-29,0
DON_01048,Tracy Rodriguez,398.71,Cancer Ward,2026-01-15,1
DON_01049,Laura Summers,7319.68,Cancer Ward,2025-04-29,0
DON_01050,Nicholas Baker,10686.06,Cancer Ward,2024-08-17,1
DON_01051,Karen Schultz,43766.65,Cardiac Care,2025-09-23,0
DON_01052,Catherine Mueller,11080.56,Cancer Ward,2026-04-17,0
DON_01053,Ryan Powell,22782.17,Cancer Ward,2026-02-19,0
DON_01054,Rachael Bray,4680.11,Cancer Ward,2026-07-01,1
DON_01055,,2493.62,Cancer Ward,2026-03-02,0
DON_01056,Mary Shelton,24977.13,Emergency Relief,2025-12-04,0
DON_01057,Stephanie Miller,4263.82,Cancer Ward,2024-10-11,0
DON_01058,Tina Santos,30758.16,Dialysis Fund,2025-12-16,0
DON_01059,,2792.23,Pediatric Wing,2024-11-14,0
DON_01060,Cassandra Harrell,28616.3,Emergency Relief,2025-08-18,0
DON_01061,,22232.01,General Fund,2025-03-08,0
DON_01062,,14171.15,Emergency Relief,2026-04-11,0
DON_01063,Jodi Holland,28478.88,Dialysis Fund,2026-06-21,1
DON_01064,,6023.07,Emergency Relief,2026-01-06,1
DON_01065,,2723.44,Dialysis Fund,2026-03-28,1
DON_01066,William Lewis,2562.55,Emergency Relief,2026-05-20,0
DON_01067,Scott Davis,4728.04,Cancer Ward,2024-12-20,0
DON_01068,Rachel Shepard,8865.01,General Fund,2025-04-12,0
DON_01069,,31314.87,Pediatric Wing,2024-10-28,0
DON_01070,Miss Cindy Krause,1407.01,Equipment Fund,2025-02-04,0
DON_01071,,37019.33,Equipment Fund,2026-04-21,0
DON_01072,Beverly Fields MD,38953.28,Cancer Ward,2026-04-06,0
DON_01073,Vincent Hernandez,19487.25,Equipment Fund,2025-11-13,0
DON_01074,,34581.38,Dialysis Fund,2025-11-30,0
DON_01075,,22044.27,Cancer Ward,2025-12-03,0
DON_01076,William Torres,11271.21,Cancer Ward,2025-08-15,0
DON_01077,Judith Williams,13772.52,Cardiac Care,2024-10-18,1
DON_01078,Francisco Kerr,14841.98,Cancer Ward,2024-11-23,0
DON_01079,,2035.46,Equipment Fund,2025-09-18,0
DON_01080,Patrick Riley,3217.48,Cancer Ward,2024-07-20,0
DON_01081,Sarah Brooks,11115.18,General Fund,2026-01-04,0
DON_01082,Melissa Cooper,1836.38,Cardiac Care,2024-09-26,0
DON_01083,Albert Peters,50277.24,Emergency Relief,2024-07-21,0
DON_01084,Andrew Shepherd,10612.56,Cancer Ward,2025-06-11,0
DON_01085,Eric Flowers,7172.62,Equipment Fund,2026-03-31,0
DON_01086,Jennifer Oneal,2571.44,Equipment Fund,2025-12-22,0
DON_01087,Julie Tucker,8081.53,General Fund,2024-11-21,0
DON_01088,Nancy Owens,5402.2,Emergency Relief,2025-07-19,0
DON_01089,,1380.53,Equipment Fund,2025-07-16,0
DON_01090,Bryan Choi,51171.12,Cancer Ward,2025-05-06,1
DON_01091,Jeremy Barnes,4617.82,Equipment Fund,2026-04-02,0
DON_01092,Chad Russell,17590.52,Equipment Fund,2026-03-31,1
DON_01093,Wanda Hale,1436.48,Cancer Ward,2024-11-29,0
DON_01094,Mary Thomas,36656.88,Cancer Ward,2025-08-21,0
DON_01095,Darlene Taylor,13401.49,Pediatric Wing,2024-12-05,0
DON_01096,Amanda Rose,16044.78,Pediatric Wing,2024-09-22,0
DON_01097,Sandra Ruiz,22834.07,Cancer Ward,2025-06-16,1
DON_01098,Heather Rodriguez,13967.84,General Fund,2025-02-25,0
DON_01099,Patrick Miller,1103.2,Dialysis Fund,2026-04-27,0
DON_01100,Anthony Thomas,8420.8,Dialysis Fund,2024-11-29,0
DON_01101,Gregory Graham,4557.78,General Fund,2025-04-17,0
DON_01102,,10003.92,General Fund,2025-08-13,0
DON_01103,Mr. Luis Clark,7770.91,Cancer Ward,2024-08-11,0
DON_01104,,26276.53,Pediatric Wing,2026-07-01,0
DON_01105,Ana Craig,4256.3,Cardiac Care,2026-06-04,0
DON_01106,Janice Knapp DDS,3371.57,Cancer Ward,2024-11-08,1
DON_01107,Angela Evans,47582.14,Equipment Fund,2026-01-01,1
DON_01108,,44791.66,Pediatric Wing,2025-05-25,1
DON_01109,Kimberly Ware,75458.66,General Fund,2026-03-27,0
DON_01110,,12603.17,Emergency Relief,2026-04-09,1
DON_01111,Jason Stewart,1801.09,Cancer Ward,2024-11-05,0
DON_01112,Breanna Wagner,31824.94,Cardiac Care,2025-09-11,0
DON_01113,Jon Walker DVM,2351.82,Cancer Ward,2026-03-26,0
DON_01114,Wendy Crawford,2536.83,Cancer Ward,2025-12-08,0
DON_01115,Brad Flores,3223.87,General Fund,2025-10-21,0
DON_01116,Rebecca Grant,15894.57,Pediatric Wing,2025-11-11,1
DON_01117,James Noble,1700.87,Cancer Ward,2025-11-15,0
DON_01118,Brianna Smith,22595.21,Cardiac Care,2025-01-03,0
DON_01119,Ashley Rivera,900.26,Emergency Relief,2025-12-18,0
DON_01120,Michelle Brennan,1755.54,General Fund,2025-08-30,0
DON_01121,Jeremy Campbell,8550.33,Cancer Ward,2024-10-30,0
DON_01122,Linda Flores,7150.51,Emergency Relief,2025-05-07,0
DON_01123,Jennifer Kelley,68646.22,Pediatric Wing,2026-01-22,0
DON_01124,Joshua Mendez,51107.01,Dialysis Fund,2024-08-27,0
DON_01125,,3154.92,General Fund,2026-04-09,0
DON_01126,Allison Mills,43967.59,Cardiac Care,2026-02-05,1
DON_01127,Elizabeth Davis,17677.59,Equipment Fund,2024-09-09,0
DON_01128,Stephen Thompson,7885.11,Cancer Ward,2026-06-01,0
DON_01129,Ashley Fleming,20184.83,Cancer Ward,2025-02-12,0
DON_01130,Andrew Garcia,34559.94,General Fund,2025-12-28,0
DON_01131,Kenneth Greene,2979.35,General Fund,2025-04-03,0
DON_01132,Anita Adams DDS,3272.05,Cardiac Care,2025-01-03,1
DON_01133,,7882.0,Pediatric Wing,2024-08-17,1
DON_01134,Luis Hanson,2780.71,Pediatric Wing,2024-09-10,0
DON_01135,Mr. Mark Martinez,6703.63,Equipment Fund,2025-03-12,0
DON_01136,Ashley Gray,15563.81,Pediatric Wing,2024-08-28,0
DON_01137,Mary Scott,25135.12,General Fund,2026-06-20,1
DON_01138,Kim Brown,5391.64,Dialysis Fund,2025-03-10,0
DON_01139,Cindy Smith,4963.66,Cardiac Care,2026-06-08,0
DON_01140,Michael Mccarty,22694.4,Cancer Ward,2024-10-16,0
DON_01141,Erica Reed,7195.39,Emergency Relief,2026-04-24,0
DON_01142,Marilyn Edwards,25595.46,General Fund,2025-06-27,1
DON_01143,Jenna Nelson,75265.62,Cardiac Care,2024-07-25,0
DON_01144,Lori Peterson,58433.89,Cancer Ward,2025-01-31,0
DON_01145,,16301.16,Emergency Relief,2024-11-16,0
DON_01146,Carlos Bradshaw,7055.17,Pediatric Wing,2025-07-04,0
DON_01147,Bradley Lewis,1015.99,Cancer Ward,2025-07-26,0
DON_01148,,20093.49,Cardiac Care,2024-09-07,0
DON_01149,John Middleton,57228.37,General Fund,2024-07-29,0
DON_01150,,1056.09,Pediatric Wing,2025-05-22,0
DON_01151,Omar Davis,92.8,General Fund,2025-01-12,0
DON_01152,James Cruz,26736.9,Dialysis Fund,2026-03-15,0
DON_01153,Christopher Washington,1618.1,Cancer Ward,2024-07-19,1
DON_01154,,1277.21,Cancer Ward,2024-10-29,0
DON_01155,Samantha Ray,36175.3,Pediatric Wing,2025-10-22,1
DON_01156,,1243.57,Pediatric Wing,2025-01-25,0
DON_01157,,1815.87,Cardiac Care,2026-04-01,0
DON_01158,,12644.69,Emergency Relief,2026-01-24,0
DON_01159,Larry Gregory MD,21208.94,Dialysis Fund,2025-07-01,1
DON_01160,Mark Salas,7651.69,Cardiac Care,2026-07-09,0
DON_01161,Audrey Perez,8186.15,Equipment Fund,2024-08-26,0
DON_01162,Elizabeth Holder,15020.62,Cardiac Care,2026-03-24,0
DON_01163,Gail Ho,10560.86,General Fund,2026-06-16,0
DON_01164,Susan Reid,282.06,Equipment Fund,2024-11-20,0
DON_01165,Jamie Hayes,1808.52,Cardiac Care,2025-11-05,0
DON_01166,Julie Young,13069.76,General Fund,2026-04-01,1
DON_01167,Colton Jensen,23673.63,Cardiac Care,2024-08-22,1
DON_01168,Jeremy Davis,21601.96,Pediatric Wing,2025-01-30,0
DON_01169,Bradley Johnson,20209.37,Emergency Relief,2026-01-26,0
DON_01170,John Turner,22128.37,Cardiac Care,2025-07-17,0
DON_01171,,681.92,Pediatric Wing,2025-02-08,1
DON_01172,Krista Johnston,33821.44,Emergency Relief,2025-10-02,0
DON_01173,Ann Berg,33011.68,Cancer Ward,2026-06-07,1
DON_01174,Thomas Estes,11386.87,Equipment Fund,2025-11-18,1
DON_01175,,4287.14,General Fund,2026-02-11,1
DON_01176,Angela Perry,13453.88,Emergency Relief,2025-11-06,0
DON_01177,Courtney Larsen,12242.81,General Fund,2026-06-16,0
DON_01178,Bruce Bennett,3783.9,Pediatric Wing,2025-01-22,1
DON_01179,Ryan Wilson,13862.2,Cancer Ward,2026-06-14,0
DON_01180,John Mata,23939.99,Equipment Fund,2026-05-16,0
DON_01181,Anthony Silva,24606.72,Dialysis Fund,2025-05-19,0
DON_01182,Haley Chandler,923.31,Pediatric Wing,2025-07-18,0
DON_01183,Mia Grant,3294.06,Pediatric Wing,2025-10-05,1
DON_01184,Thomas Patel,16549.4,Emergency Relief,2025-11-28,0
DON_01185,Jodi Cummings,29473.7,Cardiac Care,2025-06-19,1
DON_01186,Diane Branch,11047.62,Cardiac Care,2024-08-10,0
DON_01187,Mary Morris,18440.68,General Fund,2025-12-20,0
DON_01188,Paul Preston,319.46,Dialysis Fund,2026-05-05,0
DON_01189,Frank Greene,14063.51,Emergency Relief,2025-09-06,0
DON_01190,Abigail Brown,49016.72,Cancer Ward,2024-11-27,0
DON_01191,,16226.97,Emergency Relief,2024-11-02,0
DON_01192,Samantha Wilson,38318.81,Dialysis Fund,2024-12-16,1
DON_01193,Jill Mckinney,12520.99,Dialysis Fund,2024-11-11,0
DON_01194,Kevin Burton,27808.87,General Fund,2025-08-08,0
DON_01195,Michelle Snyder,1988.62,Cardiac Care,2025-11-05,0
DON_01196,Gregory Garcia,1977.51,General Fund,2025-05-23,0
DON_01197,,1920.56,Equipment Fund,2025-04-28,0
DON_01198,,10066.37,Pediatric Wing,2026-01-10,0
DON_01199,Suzanne Powers,6013.07,Dialysis Fund,2025-06-12,1
DON_01200,Robert Holloway,19050.93,Emergency Relief,2025-07-04,0
DON_01201,Madison Martinez,34937.31,Pediatric Wing,2025-02-13,0
DON_01202,Phillip Williams,14489.1,Pediatric Wing,2025-10-19,1
DON_01203,Marcus Hill,3596.92,Cancer Ward,2025-10-01,0
DON_01204,,40077.99,General Fund,2026-06-01,0
DON_01205,Colton Howard,11257.11,General Fund,2025-01-22,1
DON_01206,Scott Campbell,19091.57,Emergency Relief,2025-05-26,1
DON_01207,Ryan Smith,33178.26,Dialysis Fund,2025-07-05,0
DON_01208,,68827.55,General Fund,2025-02-19,0
DON_01209,,10580.24,Dialysis Fund,2025-05-21,0
DON_01210,Jonathan Hall,24758.8,Dialysis Fund,2024-10-05,0
DON_01211,Lisa Gutierrez,12550.66,Emergency Relief,2025-12-17,0
DON_01212,Carl Hurst,9996.23,Cancer Ward,2025-08-13,0
DON_01213,Melissa Moss,11573.52,Equipment Fund,2025-06-19,0
DON_01214,Logan Lopez,9932.73,General Fund,2026-04-15,0
DON_01215,Kenneth Jensen,8197.52,Cancer Ward,2026-04-25,0
DON_01216,Melissa Key,19295.14,Equipment Fund,2026-05-11,0
DON_01217,Melanie Johnson,4308.75,Cardiac Care,2025-09-12,0
DON_01218,Joseph Ho,14371.6,Cancer Ward,2024-12-02,0
DON_01219,Melinda Moyer,18722.01,Dialysis Fund,2024-10-09,0
DON_01220,Henry Shaw,33396.98,Dialysis Fund,2025-09-01,0
DON_01221,David Brown,6049.25,Cardiac Care,2025-12-08,0
DON_01222,Derek Grant,29556.02,Emergency Relief,2025-01-14,0
DON_01223,Michael Walker,43585.95,Equipment Fund,2024-08-04,0
DON_01224,Karla Williams,15690.84,General Fund,2024-07-27,0
DON_01225,Erik Noble II,22138.89,Cardiac Care,2025-01-05,0
DON_01226,Mercedes Roberts,7805.74,Emergency Relief,2025-08-20,1
DON_01227,Amy Walker,45590.69,Cancer Ward,2025-04-17,1
DON_01228,David Barnes,16669.15,Cancer Ward,2024-11-22,0
DON_01229,Michael Beck,5569.36,Equipment Fund,2024-10-17,0
DON_01230,Alicia Navarro,7769.3,Pediatric Wing,2026-02-06,0
DON_01231,Tammy Walker,14425.42,General Fund,2025-11-09,0
DON_01232,Melissa Brown,4001.24,Pediatric Wing,2026-05-16,0
DON_01233,Anna Diaz,21031.14,Cancer Ward,2026-02-22,0
DON_01234,Diane Bailey,3817.41,Pediatric Wing,2026-05-21,0
DON_01235,Emily Murphy,13439.57,Dialysis Fund,2025-10-28,1
DON_01236,Julia Mendoza,17910.66,General Fund,2025-11-10,1
DON_01237,Sarah Medina,29464.71,Cardiac Care,2025-07-07,0
DON_01238,Paul Marshall,19858.27,Cancer Ward,2026-02-09,1
DON_01239,Amy Ford,24053.71,Cardiac Care,2026-06-14,1
DON_01240,Steven Weber,36615.95,Equipment Fund,2025-02-01,0
DON_01241,Steven Baker,13661.03,Equipment Fund,2025-07-18,0
DON_01242,,28089.34,Equipment Fund,2025-01-31,0
DON_01243,Sarah Estrada,3956.99,Equipment Fund,2025-06-13,0
DON_01244,Robert Santiago,25289.37,Emergency Relief,2025-02-25,1
DON_01245,John Scott,3759.39,Pediatric Wing,2024-07-23,1
DON_01246,Elizabeth Patton,40915.2,Cardiac Care,2026-03-28,0
DON_01247,Christopher Daniel,6006.57,Pediatric Wing,2025-07-01,0
DON_01248,Maria Logan,2828.2,Cancer Ward,2026-04-19,1
DON_01249,Christian Castro,2405.5,General Fund,2024-12-24,0
DON_01250,,3110.39,Dialysis Fund,2026-04-03,0
DON_01251,,8900.62,Equipment Fund,2026-05-08,0
DON_01252,Stephanie Ward,11076.86,Equipment Fund,2025-08-06,0
DON_01253,Jessica Cole,36763.81,Equipment Fund,2026-03-29,0
DON_01254,Caroline Dawson,7195.11,Emergency Relief,2025-12-16,1
DON_01255,,3678.58,General Fund,2025-07-07,0
DON_01256,Jeffrey Smith,20428.19,Pediatric Wing,2026-05-26,0
DON_01257,Sarah Andrews,2169.39,Equipment Fund,2025-09-09,1
DON_01258,Christopher Johnson,33423.77,Cancer Ward,2024-12-01,0
DON_01259,Kayla Rogers,7899.24,Dialysis Fund,2025-08-31,0
DON_01260,Thomas Gonzalez,14272.61,Cancer Ward,2025-01-10,0
DON_01261,Trevor Moore,3090.32,Cancer Ward,2025-09-18,0
DON_01262,,2359.09,Pediatric Wing,2025-09-08,0
DON_01263,Michaela Hoffman,24054.77,Cardiac Care,2025-01-04,1
DON_01264,Deborah Davis,8423.95,Dialysis Fund,2024-10-11,1
DON_01265,Tyler Harvey,64848.23,General Fund,2025-09-08,0
DON_01266,Robert Rogers,11144.45,General Fund,2025-08-18,1
DON_01267,Logan Mason,28028.27,Cancer Ward,2026-05-17,1
DON_01268,Brandy Palmer,58653.13,Equipment Fund,2025-10-14,0
DON_01269,,4951.54,Dialysis Fund,2026-03-20,0
DON_01270,Erik Robbins,24207.84,Pediatric Wing,2024-10-05,1
DON_01271,,333.78,Cardiac Care,2025-09-23,0
DON_01272,Sara Chen,17079.99,Pediatric Wing,2026-07-12,0
DON_01273,Aaron Franklin,20509.21,Pediatric Wing,2026-06-17,0
DON_01274,Mr. Derek Mays,9733.04,Cancer Ward,2025-11-03,1
DON_01275,Laurie Hughes,2652.94,Cardiac Care,2025-09-29,0
DON_01276,Brett Reese,14384.86,Dialysis Fund,2024-09-07,0
DON_01277,,34172.58,Cancer Ward,2026-03-09,0
DON_01278,,40174.28,Cardiac Care,2025-08-19,0
DON_01279,,20562.36,Cardiac Care,2026-03-31,0
DON_01280,Mark Griffith,4592.03,Equipment Fund,2024-12-07,0
DON_01281,Patricia Lindsey,30641.08,General Fund,2026-05-25,0
DON_01282,Lynn Juarez,32949.49,Equipment Fund,2025-06-29,0
DON_01283,Jasmine Barker,6865.01,Equipment Fund,2025-02-16,0
DON_01284,Rita Gibson,3031.41,Dialysis Fund,2025-04-04,0
DON_01285,Brad Hopkins,31150.81,Pediatric Wing,2026-04-28,1
DON_01286,Melissa Palmer,32455.05,Dialysis Fund,2025-08-23,0
DON_01287,Kimberly Hull,1595.52,Equipment Fund,2025-05-11,0
DON_01288,Carol Wilson,51161.58,General Fund,2025-01-11,0
DON_01289,Sheila Estrada,11423.98,General Fund,2025-08-20,1
DON_01290,David Baker,76080.15,Cardiac Care,2025-02-17,0
DON_01291,,8832.03,Emergency Relief,2024-08-09,0
DON_01292,Jason Hebert,11430.49,Emergency Relief,2025-01-14,0
DON_01293,Kevin Mendoza,4640.39,Cancer Ward,2025-12-31,1
DON_01294,Natalie Patterson,34381.72,Cardiac Care,2025-01-26,0
DON_01295,Justin Henry,8797.04,Cancer Ward,2025-05-02,0
DON_01296,Cheyenne Garza,25279.73,Cancer Ward,2024-12-20,0
DON_01297,Mark Green,1246.39,General Fund,2024-08-31,0
DON_01298,Debra Cooper,23285.0,Cardiac Care,2026-05-21,0
DON_01299,Erik Foley,10107.32,General Fund,2024-08-27,0
DON_01300,Teresa Matthews,81.34,Equipment Fund,2026-01-11,0
DON_01301,Christina Murphy,3847.85,Pediatric Wing,2024-10-19,0
DON_01302,Albert Hampton,3230.05,Emergency Relief,2025-07-22,1
DON_01303,James Mooney,20900.67,Emergency Relief,2025-10-24,0
DON_01304,,9728.41,Emergency Relief,2026-01-20,1
DON_01305,Raymond Lane,2610.27,Pediatric Wing,2025-08-16,0
DON_01306,Natasha Adkins,4451.91,Equipment Fund,2024-08-22,0
DON_01307,Matthew Brown,10520.01,Emergency Relief,2025-06-13,0
DON_01308,Sharon Castro,297.5,Cardiac Care,2025-11-16,1
DON_01309,Miguel Mccullough,8277.99,Equipment Fund,2024-11-19,1
DON_01310,,17000.92,Equipment Fund,2026-05-16,1
DON_01311,Allison Perez,10939.53,Equipment Fund,2024-08-29,0
DON_01312,Jared Smith,13673.26,Cardiac Care,2026-06-22,0
DON_01313,Natasha Gray,5931.64,Cardiac Care,2025-10-10,1
DON_01314,Michael Lewis,3033.13,Equipment Fund,2025-03-19,0
DON_01315,Jeffrey Johnson,24890.56,Cancer Ward,2026-02-18,0
DON_01316,Robert Lester,35408.76,Dialysis Fund,2026-02-04,0
DON_01317,John Franklin,10722.94,Pediatric Wing,2025-07-08,1
DON_01318,Rick Little,5458.54,Cardiac Care,2024-07-28,0
DON_01319,Adam Hunter,10737.18,Cancer Ward,2025-03-30,0
DON_01320,Brent Larson,31677.68,Emergency Relief,2026-05-06,1
DON_01321,,17635.95,General Fund,2024-09-25,0
DON_01322,Donna Thomas,29344.14,General Fund,2024-12-29,1
DON_01323,Theresa Beck,5970.93,Dialysis Fund,2025-08-13,0
DON_01324,Crystal Peters,18670.83,Emergency Relief,2024-10-30,0
DON_01325,Angela Santiago,15878.57,Cancer Ward,2025-08-18,0
DON_01326,Andrew Brock,12716.05,Pediatric Wing,2024-12-24,0
DON_01327,Donald Phillips,11268.79,Dialysis Fund,2025-01-31,0
DON_01328,Alan Johnson,12010.25,Equipment Fund,2025-05-03,0
DON_01329,Richard Gregory,28423.94,Dialysis Fund,2025-03-14,0
DON_01330,,37153.1,Emergency Relief,2026-02-09,0
DON_01331,Sandra Andrews,1796.29,Cardiac Care,2026-01-14,0
DON_01332,Roberto Walker,12616.76,General Fund,2025-03-21,0
DON_01333,Samuel Skinner,37590.44,Cancer Ward,2025-11-30,0
DON_01334,Melissa Brown,2170.88,Cardiac Care,2026-02-01,0
DON_01335,David Thomas,7987.36,General Fund,2025-04-06,1
DON_01336,Lisa Allen,1399.51,Cardiac Care,2025-05-12,1
DON_01337,,1806.71,Emergency Relief,2024-08-21,1
DON_01338,,35168.43,Equipment Fund,2026-05-14,0
DON_01339,Michelle Rodriguez,8863.72,Emergency Relief,2025-10-28,0
DON_01340,Kathleen Greene,17506.88,Cancer Ward,2026-06-23,1
DON_01341,Megan Martinez,2243.42,Pediatric Wing,2026-01-21,0
DON_01342,Mark Smith,332.88,Equipment Fund,2024-11-18,0
DON_01343,Shelly Williams,33175.26,Cancer Ward,2025-12-20,0
DON_01344,Robert Roberts,12818.96,Pediatric Wing,2026-03-09,1
DON_01345,Stephen Bryant,302.85,Emergency Relief,2024-09-20,0
DON_01346,Alexandria Barnett,73075.13,Pediatric Wing,2024-08-13,0
DON_01347,Pamela Coleman,10164.79,Cancer Ward,2025-05-06,1
DON_01348,Matthew Chambers,9690.42,Cardiac Care,2024-11-01,0
DON_01349,Mr. Benjamin Griffith PhD,14549.89,Pediatric Wing,2026-03-24,0
DON_01350,Jacqueline Davis,119.04,Pediatric Wing,2024-09-18,1
DON_01351,,12629.52,General Fund,2025-04-16,0
DON_01352,Travis Collins,14892.88,Pediatric Wing,2026-05-02,0
DON_01353,Steve Riley,5284.99,Cardiac Care,2026-05-15,0
DON_01354,Marcus Hill,19466.15,Cardiac Care,2024-07-31,0
DON_01355,,7108.53,Cardiac Care,2025-12-15,1
DON_01356,Tony Garcia,18975.66,Equipment Fund,2025-07-03,0
DON_01357,Nicholas Young,2329.21,Cardiac Care,2024-12-28,0
DON_01358,Jonathan Palmer,36748.51,Cardiac Care,2026-04-07,1
DON_01359,Anthony Dickson,31736.28,Dialysis Fund,2025-09-07,0
DON_01360,Mike Wright,2448.84,Cardiac Care,2025-12-07,0
DON_01361,Jennifer Figueroa,41819.54,Equipment Fund,2024-12-26,0
DON_01362,Barbara Francis,12239.23,Dialysis Fund,2024-11-17,0
DON_01363,Jose Franklin,18142.3,Equipment Fund,2024-12-04,0
DON_01364,Kimberly Cox,27516.29,Cardiac Care,2025-06-20,0
DON_01365,Roy Sherman,1309.04,Pediatric Wing,2025-06-19,0
DON_01366,Carol Shelton,2782.02,Equipment Fund,2024-10-14,0
DON_01367,Debbie Copeland,5145.62,General Fund,2026-01-15,0
DON_01368,Cassidy Willis,9728.47,Emergency Relief,2025-02-03,0
DON_01369,,6370.97,Pediatric Wing,2025-03-09,0
DON_01370,,10573.63,Equipment Fund,2026-02-05,0
DON_01371,Yvette Miller,3085.39,Dialysis Fund,2026-03-26,0
DON_01372,Stephen Key,17192.83,Equipment Fund,2025-09-19,0
DON_01373,,860.22,Cardiac Care,2026-04-21,0
DON_01374,Alison Boone,6728.32,Pediatric Wing,2024-08-22,0
DON_01375,Kelly Jordan,2959.09,Equipment Fund,2026-06-28,0
DON_01376,Shawn Sosa,19636.29,Dialysis Fund,2025-07-08,0
DON_01377,Michael Sullivan,32267.72,General Fund,2026-05-25,0
DON_01378,Faith Schmidt,1230.95,Dialysis Fund,2024-08-10,0
DON_01379,,23059.4,Equipment Fund,2025-09-26,0
DON_01380,Kelly Miller,33910.47,General Fund,2025-05-01,0
DON_01381,Michelle Hall,54727.71,General Fund,2025-03-01,0
DON_01382,Christopher Mccormick,12990.6,Equipment Fund,2025-10-27,0
DON_01383,,5948.89,Emergency Relief,2024-08-27,0
DON_01384,,5828.54,Pediatric Wing,2026-03-18,0
DON_01385,Joseph Green,7145.64,Emergency Relief,2026-07-13,1
DON_01386,Megan Holloway,14227.07,Cancer Ward,2025-12-23,1
DON_01387,Richard Brown,10106.93,Cardiac Care,2026-07-13,1
DON_01388,Bonnie Villarreal,15903.93,Emergency Relief,2024-11-03,1
DON_01389,Mark Alvarez,601.61,Cardiac Care,2025-10-11,1
DON_01390,Darren Hoffman,1678.76,Pediatric Wing,2025-04-20,0
DON_01391,Sarah Allen,56286.56,Emergency Relief,2024-07-29,0
DON_01392,,80678.28,Cancer Ward,2026-02-16,0
DON_01393,Julie Rush,20595.27,Pediatric Wing,2025-05-09,1
DON_01394,James Wells,4443.72,Cancer Ward,2026-06-04,0
DON_01395,Todd Young,45986.44,Cancer Ward,2024-08-17,0
DON_01396,Tyler Benson,3606.31,Dialysis Fund,2025-05-02,0
DON_01397,,19719.73,Pediatric Wing,2025-09-03,0
DON_01398,Sharon Choi,1836.89,Cancer Ward,2025-11-18,0
DON_01399,Mrs. Olivia Gonzalez,15700.46,Dialysis Fund,2025-07-29,0
DON_01400,Brian Estrada,21376.46,Cardiac Care,2025-09-09,1
DON_01401,,29453.19,Equipment Fund,2024-11-01,0
DON_01402,,19881.16,Pediatric Wing,2026-06-17,0
DON_01403,Anne Roberts,38554.1,Dialysis Fund,2024-07-15,0
DON_01404,,11038.42,Cardiac Care,2024-10-07,0
DON_01405,Mark Medina,16971.46,General Fund,2026-03-13,0
DON_01406,Jamie Mckinney,6919.82,Pediatric Wing,2024-09-16,0
DON_01407,Allen Williams,156.66,Emergency Relief,2024-12-13,1
DON_01408,Rebecca Lewis,21201.47,Cardiac Care,2024-09-18,1
DON_01409,Cynthia Smith,30587.24,Equipment Fund,2024-08-09,0
DON_01410,Rebecca Rodriguez,2866.04,Dialysis Fund,2025-12-05,0
DON_01411,,435.88,Equipment Fund,2025-10-15,0
DON_01412,Ashley Wells,2695.91,Pediatric Wing,2025-09-01,0
DON_01413,Sarah Deleon,33848.31,Emergency Relief,2026-03-10,0
DON_01414,Erik Newman,5254.23,Pediatric Wing,2025-09-15,1
DON_01415,Shelly Thompson,3992.8,Cardiac Care,2025-02-21,1
DON_01416,Cameron Brown,220.46,Equipment Fund,2024-08-30,0
DON_01417,Anne Callahan,5287.15,Dialysis Fund,2026-07-04,0
DON_01418,Katrina Ryan,18862.66,Pediatric Wing,2025-05-21,0
DON_01419,Jeremy Gordon,47945.45,Cardiac Care,2025-07-08,1
DON_01420,,5625.67,Cancer Ward,2026-03-12,0
DON_01421,Matthew Wright,4130.08,Equipment Fund,2026-01-26,0
DON_01422,,32848.09,Cardiac Care,2025-02-25,1
DON_01423,George Taylor,28709.4,General Fund,2025-05-06,1
DON_01424,Wanda Soto,5966.04,Equipment Fund,2026-06-17,0
DON_01425,Glen Morris,1069.3,Cardiac Care,2026-03-09,0
DON_01426,Lisa Allen,72404.92,Equipment Fund,2024-09-12,1
DON_01427,Stephanie Reid,17124.56,Equipment Fund,2026-07-06,1
DON_01428,,39173.49,General Fund,2026-02-03,0
DON_01429,Ronald Perkins,6275.39,Pediatric Wing,2025-04-09,0
DON_01430,Nicholas Holloway,15648.46,Equipment Fund,2025-01-30,0
DON_01431,,16835.76,Emergency Relief,2025-12-05,0
DON_01432,,30942.36,General Fund,2025-10-28,0
DON_01433,,74552.56,Pediatric Wing,2025-02-08,0
DON_01434,Alex Reeves,1725.54,General Fund,2025-02-08,0
DON_01435,Bruce Hanna,14959.13,Pediatric Wing,2024-08-27,0
DON_01436,Tammy Mills,6152.04,Cancer Ward,2024-11-15,1
DON_01437,,25042.47,General Fund,2025-03-05,0
DON_01438,Jackie Gonzales,21045.38,Pediatric Wing,2024-10-07,0
DON_01439,Micheal Contreras,33456.55,Equipment Fund,2024-10-22,0
DON_01440,Lindsay Dean,6317.12,General Fund,2025-04-18,0
DON_01441,Rickey Ortiz,3059.87,Cancer Ward,2025-11-17,0
DON_01442,Anna Jordan,330.64,Cardiac Care,2024-10-04,1
DON_01443,Michael Nelson,4425.77,Cardiac Care,2025-10-24,0
DON_01444,Michael Banks,6863.34,Equipment Fund,2026-06-17,0
DON_01445,Allison Miller,43800.19,Pediatric Wing,2024-11-02,0
DON_01446,Annette Trevino,10140.59,Cancer Ward,2026-07-01,0
DON_01447,Joseph Richardson,12193.82,Dialysis Fund,2025-02-09,0
DON_01448,Christopher Davis,31820.06,Emergency Relief,2026-06-02,0
DON_01449,Alison Thornton,32451.42,Cardiac Care,2026-01-27,1
DON_01450,Eric Dougherty,11258.97,Dialysis Fund,2025-02-22,0
DON_01451,Robin Clark,1810.56,Pediatric Wing,2025-08-07,1
DON_01452,,4731.27,Dialysis Fund,2024-09-20,0
DON_01453,Dakota Black,9156.6,Emergency Relief,2025-08-12,1
DON_01454,Virginia Conway,20864.75,Emergency Relief,2025-07-15,0
DON_01455,Brian Murphy,18655.36,General Fund,2026-05-30,1
DON_01456,,15438.04,Dialysis Fund,2024-08-26,0
DON_01457,,31834.68,Cardiac Care,2026-05-11,1
DON_01458,Alexander Wilson,24341.37,General Fund,2026-01-07,0
DON_01459,Sarah Cooley,60356.26,Cancer Ward,2025-03-09,0
DON_01460,Donald Duran,32994.81,General Fund,2025-05-28,0
DON_01461,,3265.93,Dialysis Fund,2025-03-11,0
DON_01462,Tyler Smith,890.15,Cancer Ward,2024-07-19,1
DON_01463,Xavier Smith,8029.62,Equipment Fund,2026-02-26,1
DON_01464,Tracy Jennings,14415.57,Pediatric Wing,2024-09-28,1
DON_01465,Jimmy Baldwin,15454.64,Cancer Ward,2025-06-21,0
DON_01466,Theresa Wade,4669.64,Pediatric Wing,2025-11-13,0
DON_01467,,29478.94,Cardiac Care,2025-12-23,0
DON_01468,Andrew Cooper,5990.3,Cardiac Care,2025-11-13,0
DON_01469,Edward Hernandez,37720.83,Emergency Relief,2025-10-03,0
DON_01470,Tiffany Gomez,9568.57,Pediatric Wing,2025-02-05,0
DON_01471,Mrs. Robin Salinas,156.68,Emergency Relief,2025-11-01,1
DON_01472,Matthew Grant,2651.8,Pediatric Wing,2025-05-12,1
DON_01473,Shirley Bowers,1619.11,Emergency Relief,2025-04-07,0
DON_01474,Monica Thompson,675.37,Cancer Ward,2025-03-12,0
DON_01475,,18777.36,Cardiac Care,2026-02-25,0
DON_01476,,3203.76,Cancer Ward,2024-12-23,1
DON_01477,Jennifer Tucker,27359.88,Cancer Ward,2026-04-26,0
DON_01478,Kayla Allen,4607.44,General Fund,2025-06-05,0
DON_01479,Richard Trevino,492.92,Cancer Ward,2026-05-31,1
DON_01480,Mrs. Deborah Arnold,25778.36,Cancer Ward,2026-03-05,0
DON_01481,Donald Downs,9414.49,Pediatric Wing,2025-12-12,1
DON_01482,Kristin Powell,13725.83,General Fund,2026-06-27,0
DON_01483,Carl Richard,6147.23,General Fund,2026-06-04,0
DON_01484,Jason Morales,707.01,General Fund,2026-05-14,1
DON_01485,,6934.75,Cardiac Care,2026-06-12,1
DON_01486,Cathy Alvarez,10956.08,Dialysis Fund,2026-05-03,1
DON_01487,Cynthia Taylor,176.33,General Fund,2026-06-21,0
DON_01488,Deborah Kelly,12809.95,Cancer Ward,2024-10-07,0
DON_01489,Melissa Reeves,33529.81,Emergency Relief,2026-02-25,0
DON_01490,Tina Rodriguez,3685.45,Emergency Relief,2024-10-07,1
DON_01491,Adam Dickerson,39212.08,General Fund,2026-05-27,1
DON_01492,Michael Smith,1540.6,Emergency Relief,2025-08-16,0
DON_01493,Brandy Jacobs,26181.99,Emergency Relief,2025-03-16,0
DON_01494,Sarah Green,27519.16,Pediatric Wing,2024-10-11,0
DON_01495,Stephanie Stein,4471.24,Cancer Ward,2026-05-19,1
DON_01496,,47495.46,Equipment Fund,2025-03-17,1
DON_01497,Sandy Barker,8083.2,Cancer Ward,2024-11-01,0
DON_01498,Matthew Gonzalez,2284.27,Emergency Relief,2026-03-18,0
DON_01499,,13436.83,Emergency Relief,2025-03-18,0
DON_01500,Daniel Bell,85324.71,Cardiac Care,2024-08-16,0
DON_01501,Kristine Howard DDS,34432.88,Cardiac Care,2024-11-27,0
DON_01502,Hayden Thompson,4898.48,Cardiac Care,2025-12-28,0
DON_01503,Jesse Anthony,12905.27,Pediatric Wing,2025-05-07,1
DON_01504,Christine Salas,1838.75,Dialysis Fund,2024-10-29,0
DON_01505,,9294.12,Cardiac Care,2024-10-30,0
DON_01506,William Wilson,11105.79,Dialysis Fund,2026-05-20,0
DON_01507,Maria Cohen,5681.14,Emergency Relief,2025-11-12,0
DON_01508,Spencer Carlson,9930.17,Equipment Fund,2025-09-01,0
DON_01509,,37874.4,Emergency Relief,2025-06-14,0
DON_01510,David Harvey,10401.34,Pediatric Wing,2025-05-17,0
DON_01511,Tanya Barnes,26666.99,Cardiac Care,2025-11-13,0
DON_01512,Cody Perry,5727.48,Cardiac Care,2025-03-17,1
DON_01513,Jill Taylor,53317.44,Pediatric Wing,2024-11-27,0
DON_01514,Daniel Lowe,1471.86,Emergency Relief,2025-05-25,0
DON_01515,Devin Tucker,13213.37,Emergency Relief,2025-11-29,0
DON_01516,Christine Carter,23401.7,General Fund,2025-01-09,0
DON_01517,Mark Schultz,25233.43,Cancer Ward,2024-08-28,0
DON_01518,Allison Spencer,3314.96,Cancer Ward,2025-12-07,0
DON_01519,Amy Howard,7703.59,Pediatric Wing,2025-05-24,0
DON_01520,Melanie Garza,14680.32,Dialysis Fund,2025-03-21,0
DON_01521,,5694.39,Cancer Ward,2024-08-04,0
DON_01522,Nicholas Blake,16107.16,Pediatric Wing,2024-11-24,0
DON_01523,,7141.07,General Fund,2025-08-19,1
DON_01524,Oscar Wood,6481.75,General Fund,2024-12-21,0
DON_01525,William Bradley,1715.48,General Fund,2026-05-19,0
DON_01526,Jill Vasquez,600.66,Cardiac Care,2025-12-03,0
DON_01527,Aaron Delgado,27052.06,Cancer Ward,2024-12-16,0
DON_01528,Andrew Davis,10086.78,Cardiac Care,2025-02-10,0
DON_01529,Austin Fuentes MD,12412.98,Emergency Relief,2025-02-24,0
DON_01530,Christopher Bradley,6983.51,Equipment Fund,2026-06-18,1
DON_01531,,2205.63,Emergency Relief,2025-04-18,0
DON_01532,,8955.89,Dialysis Fund,2024-09-14,0
DON_01533,Anthony Wang,3900.17,Equipment Fund,2024-09-27,0
DON_01534,Andrew Diaz,27273.07,Emergency Relief,2026-01-19,0
DON_01535,Jordan Thompson,64900.06,Cardiac Care,2025-07-02,0
DON_01536,Guy Foster,32986.37,General Fund,2025-10-05,0
DON_01537,Kimberly Waller,11270.36,General Fund,2025-08-17,0
DON_01538,Connie Meza,14838.23,Dialysis Fund,2024-09-11,0
DON_01539,Christopher Hartman,44383.06,General Fund,2025-07-05,0
DON_01540,,11605.01,Emergency Relief,2026-04-02,0
DON_01541,David Duncan,15266.1,Dialysis Fund,2025-07-17,0
DON_01542,,14882.58,Dialysis Fund,2024-08-29,0
DON_01543,David Smith,18471.25,General Fund,2026-07-08,0
DON_01544,Mary Moore,15336.65,Cardiac Care,2026-02-08,0
DON_01545,Antonio Flores,16662.04,Cardiac Care,2025-02-23,0
DON_01546,,19413.63,Cancer Ward,2026-01-10,0
DON_01547,Ana Rice,24840.02,Equipment Fund,2025-04-07,0
DON_01548,,7738.95,Emergency Relief,2025-07-20,0
DON_01549,Rachael Tyler,20546.51,General Fund,2024-10-26,1
DON_01550,Cesar Phillips,1583.8,Cancer Ward,2025-10-16,0
DON_01551,Ronald Contreras,31334.88,Cardiac Care,2024-08-27,0
DON_01552,Julie Jones,5138.29,Cancer Ward,2025-06-01,1
DON_01553,,7749.14,Emergency Relief,2025-09-09,0
DON_01554,Scott Nicholson,24414.82,Equipment Fund,2026-05-03,0
DON_01555,Heather Marks,15199.75,Pediatric Wing,2025-10-18,0
DON_01556,Kimberly Fleming,5536.16,Equipment Fund,2025-04-29,0
DON_01557,Jesse White,3831.11,Dialysis Fund,2024-07-26,0
DON_01558,Phillip Nelson,47449.65,Dialysis Fund,2025-01-31,0
DON_01559,Cynthia Rogers,1378.05,Cancer Ward,2024-11-08,1
DON_01560,Tyler Gray,65.17,Cancer Ward,2025-10-15,0
DON_01561,Dawn Nguyen,16763.94,Cardiac Care,2025-02-21,0
DON_01562,Daisy Williams,14297.22,Emergency Relief,2025-01-23,0
DON_01563,Ronald Flowers,20069.08,Emergency Relief,2025-10-30,0
DON_01564,Gregory Owen,19731.04,Cancer Ward,2024-11-04,0
DON_01565,,29845.01,Emergency Relief,2026-04-10,0
DON_01566,Michael Ball,38286.59,General Fund,2025-04-09,1
DON_01567,Christopher Lucas,22376.46,Pediatric Wing,2025-05-10,0
DON_01568,Wesley Velazquez,3965.2,Cardiac Care,2025-08-31,0
DON_01569,Alan Myers,9340.22,General Fund,2026-05-24,1
DON_01570,Kimberly Bell,15396.41,Cardiac Care,2026-06-30,0
DON_01571,Tracy Garza,11627.25,Cardiac Care,2025-06-22,0
DON_01572,Tina Proctor,2595.63,Pediatric Wing,2026-04-17,1
DON_01573,Christopher Lopez,13347.4,Cardiac Care,2026-05-15,1
DON_01574,Michael Parker,32643.07,Cardiac Care,2026-04-04,0
DON_01575,,8132.61,Cardiac Care,2026-05-25,1
DON_01576,,16581.51,Dialysis Fund,2025-02-20,1
DON_01577,,14354.12,Dialysis Fund,2024-09-24,0
DON_01578,,7099.17,Cardiac Care,2026-05-16,1
DON_01579,,12495.49,Dialysis Fund,2025-06-04,0
DON_01580,Brandy Castillo,3539.86,Dialysis Fund,2025-02-06,0
DON_01581,Kathleen Patterson,11848.42,General Fund,2026-04-27,1
DON_01582,Catherine Collins MD,24054.04,General Fund,2025-12-10,1
DON_01583,Andrea Rowe,21341.12,Equipment Fund,2026-03-30,1
DON_01584,Tommy Pittman,6646.44,Emergency Relief,2025-02-10,0
DON_01585,Travis Mcknight,1783.19,General Fund,2024-09-02,0
DON_01586,Kevin Best,24137.26,Equipment Fund,2026-02-26,0
DON_01587,,4619.07,General Fund,2026-05-21,0
DON_01588,Mrs. Michelle Carr DDS,817.54,Equipment Fund,2025-03-02,0
DON_01589,Robert Williams,8837.02,Cardiac Care,2026-06-11,0
DON_01590,,20175.59,Cancer Ward,2025-02-22,0
DON_01591,Mark Ford,24792.49,Dialysis Fund,2025-02-28,1
DON_01592,Robert Bell,60430.16,Dialysis Fund,2024-09-03,0
DON_01593,Jeffrey Johnson,3149.85,Cancer Ward,2025-11-04,0
DON_01594,Cindy Knapp,5217.74,Cardiac Care,2026-04-11,0
DON_01595,Susan Leonard,14104.54,Pediatric Wing,2024-09-10,0
DON_01596,Robert Mora,25017.43,Pediatric Wing,2025-05-29,1
DON_01597,,4000.07,Emergency Relief,2025-10-18,0
DON_01598,Megan Frederick,7912.32,Cardiac Care,2025-08-11,0
DON_01599,Melinda Vega,7873.89,Emergency Relief,2025-12-08,1
DON_01600,Emily Acosta,22237.9,Dialysis Fund,2025-11-04,0
DON_01601,Dana Stokes,4134.96,Equipment Fund,2025-10-07,0
DON_01602,Sharon Ritter,51990.15,Dialysis Fund,2025-10-09,1
DON_01603,Sara Sanchez,10714.45,Cardiac Care,2025-11-12,0
DON_01604,Eric Cook,4970.68,Cancer Ward,2024-10-20,0
DON_01605,,5017.08,Pediatric Wing,2025-12-21,0
DON_01606,Jeffery Johnson,277.04,Pediatric Wing,2026-02-05,0
DON_01607,Brenda Gibson,17685.83,Cancer Ward,2026-05-14,0
DON_01608,,22438.18,General Fund,2026-02-09,0
DON_01609,Joshua Peterson,494.48,Cardiac Care,2024-10-17,0
DON_01610,Michael Lopez,13225.97,Cardiac Care,2024-08-12,0
DON_01611,Randy Dyer,22826.4,Dialysis Fund,2024-12-23,0
DON_01612,,7079.85,Pediatric Wing,2025-11-15,0
DON_01613,Jeffery Odom,8504.1,Emergency Relief,2026-01-30,0
DON_01614,George Garcia DDS,6732.44,Cardiac Care,2025-08-07,0
DON_01615,Cole Wallace,5689.3,Dialysis Fund,2025-01-18,1
DON_01616,Mackenzie Smith,10133.79,Dialysis Fund,2024-12-11,1
DON_01617,Michael Ali,2724.64,Emergency Relief,2025-03-31,0
DON_01618,Carl Bennett,8715.71,Pediatric Wing,2024-07-20,0
DON_01619,Megan Thompson,42664.53,General Fund,2025-01-29,0
DON_01620,,416.77,Equipment Fund,2026-05-19,0
DON_01621,Robert Carey,2700.24,General Fund,2025-05-20,0
DON_01622,Shane Mitchell,22556.07,Cancer Ward,2026-01-28,0
DON_01623,Charles Smith,2124.44,Cardiac Care,2024-07-23,1
DON_01624,Steven Bradford,4747.0,Dialysis Fund,2026-04-29,1
DON_01625,Kimberly Alexander,9100.11,Emergency Relief,2026-06-30,0
DON_01626,Michael Holmes,43013.32,Cancer Ward,2024-08-21,0
DON_01627,,3040.95,Dialysis Fund,2026-06-04,0
DON_01628,Christopher Rogers,38475.74,Cardiac Care,2025-05-10,0
DON_01629,,19015.65,Emergency Relief,2025-12-21,0
DON_01630,David Stuart,16682.07,Emergency Relief,2025-05-24,0
DON_01631,Mary Miranda,19285.47,Emergency Relief,2024-07-29,1
DON_01632,,476.18,Cardiac Care,2025-03-20,1
DON_01633,Victor Griffin,1562.09,General Fund,2025-07-11,0
DON_01634,Lawrence Silva,6115.95,Cardiac Care,2026-02-24,0
DON_01635,Sean Bates Jr.,1152.69,Pediatric Wing,2025-06-29,0
DON_01636,Gary Herrera,65838.44,Emergency Relief,2025-12-21,1
DON_01637,Timothy Brown,13027.24,General Fund,2025-04-30,0
DON_01638,Mr. Scott Mckinney,10022.24,Pediatric Wing,2025-12-10,1
DON_01639,Faith Lucas,23092.51,General Fund,2025-11-18,0
DON_01640,Curtis Walker,56557.34,Equipment Fund,2026-06-16,0
DON_01641,,46559.79,Cardiac Care,2025-09-04,1
DON_01642,Kristen Lopez,23630.25,Emergency Relief,2026-02-23,0
DON_01643,Amanda Young,7102.33,Equipment Fund,2025-10-12,0
DON_01644,Crystal Ray,1023.53,Emergency Relief,2026-02-17,1
DON_01645,Robert Hooper,1553.38,Equipment Fund,2026-01-05,0
DON_01646,,17.3,General Fund,2025-10-14,0
DON_01647,,28.57,General Fund,2024-09-27,0
DON_01648,,41332.27,Pediatric Wing,2025-07-27,0
DON_01649,Michael Reyes,39262.92,Cardiac Care,2026-03-19,0
DON_01650,Justin Jefferson,16519.16,Dialysis Fund,2026-07-11,1
DON_01651,April Lee,19456.5,Pediatric Wing,2024-11-22,0
DON_01652,,10798.79,Cancer Ward,2024-10-15,0
DON_01653,Lori Fuller,4074.03,Equipment Fund,2026-03-04,1
DON_01654,Joseph Wells,36868.43,Emergency Relief,2026-04-29,0
DON_01655,Vincent Bell,4879.54,Cancer Ward,2025-07-25,1
DON_01656,Phillip Calderon,20187.15,Pediatric Wing,2026-01-18,0
DON_01657,Kelly Maddox,4224.22,Pediatric Wing,2026-03-04,1
DON_01658,,30620.45,Equipment Fund,2025-06-21,0
DON_01659,Dana Scott,15800.54,General Fund,2026-05-09,0
DON_01660,Donna Palmer,15437.48,Cancer Ward,2025-03-15,1
DON_01661,Craig Porter,1536.59,Cancer Ward,2025-07-14,0
DON_01662,Kim Novak,8157.18,General Fund,2026-01-22,0
DON_01663,Sheryl Gilmore,11163.72,Cancer Ward,2025-05-26,0
DON_01664,Joseph Pierce,5222.87,Dialysis Fund,2024-07-21,0
DON_01665,Alexander Martin,31926.28,Equipment Fund,2025-03-24,0
DON_01666,Cindy Adams,27271.85,Dialysis Fund,2024-09-13,1
DON_01667,,10207.05,Emergency Relief,2024-09-12,0
DON_01668,,6233.44,Cancer Ward,2024-12-05,0
DON_01669,Kim Ball,24257.69,Pediatric Wing,2024-12-18,1
DON_01670,Michael Beck,3288.98,Pediatric Wing,2025-09-13,0
DON_01671,Patrick Bell MD,1113.04,Cancer Ward,2026-06-02,0
DON_01672,Michael Johnson,701.82,Emergency Relief,2025-11-17,0
DON_01673,Cheryl Butler,591.77,Pediatric Wing,2024-09-01,0
DON_01674,Erin Fisher,10067.52,Equipment Fund,2025-03-03,1
DON_01675,Joseph Green,4421.88,Pediatric Wing,2024-10-10,1
DON_01676,Linda Johnson,17585.91,Pediatric Wing,2025-07-18,0
DON_01677,Christopher Eaton,15915.05,Cancer Ward,2025-06-26,0
DON_01678,Anna Taylor,11713.95,Pediatric Wing,2026-04-23,0
DON_01679,Briana Cohen,6527.5,Dialysis Fund,2026-06-03,0
DON_01680,Chelsea Sandoval,28502.49,Equipment Fund,2025-01-10,0
DON_01681,Zachary Liu,18552.75,Emergency Relief,2025-06-13,0
DON_01682,Mrs. Makayla Hatfield,4752.05,Cardiac Care,2025-05-06,0
DON_01683,Donna Lopez,10447.95,Dialysis Fund,2024-10-10,0
DON_01684,John Burch,2548.86,General Fund,2026-01-12,0
DON_01685,,5979.79,Pediatric Wing,2024-11-07,0
DON_01686,Christina Baker,87854.96,Pediatric Wing,2025-07-06,0
DON_01687,Heather Le,3801.03,Cancer Ward,2025-08-06,0
DON_01688,Lisa Henderson,17974.95,General Fund,2025-07-17,1
DON_01689,Angel Gallegos,4085.37,General Fund,2025-01-16,1
DON_01690,Kathleen Perez,41741.9,Emergency Relief,2026-03-04,1
DON_01691,,5568.84,Pediatric Wing,2026-06-17,0
DON_01692,David Ramos,6385.53,General Fund,2024-09-14,0
DON_01693,Richard Pham,13515.85,Dialysis Fund,2025-03-03,1
DON_01694,Linda Willis,13305.05,Pediatric Wing,2025-07-07,0
DON_01695,Nicholas Salinas,12979.56,General Fund,2025-10-31,1
DON_01696,Thomas Smith,12773.52,Cancer Ward,2024-11-22,0
DON_01697,Holly Lane,5613.57,Cancer Ward,2026-04-09,0
DON_01698,Rachel Williams,8548.29,Pediatric Wing,2025-05-29,0
DON_01699,Jonathan Shepard,13500.11,Cardiac Care,2024-07-16,0
DON_01700,Jane Powell,16687.78,General Fund,2025-07-20,1
DON_01701,Joshua Griffith,4377.94,Emergency Relief,2026-04-29,1
DON_01702,Jerry Mullins,18133.53,General Fund,2026-04-20,1
DON_01703,Jordan Cunningham,38513.16,Cardiac Care,2026-03-07,1
DON_01704,Rodney Hernandez,21277.78,Pediatric Wing,2025-05-21,1
DON_01705,Angela Clark,1319.9,Cardiac Care,2025-10-28,1
DON_01706,Brandon Watkins,9498.46,Pediatric Wing,2025-01-19,1
DON_01707,Todd Calhoun,8570.95,Cancer Ward,2025-07-30,0
DON_01708,Jessica Carroll,6153.47,Dialysis Fund,2025-11-09,0
DON_01709,Christopher Guerrero,10139.05,Equipment Fund,2026-02-16,0
DON_01710,Michele Miller,8687.47,Pediatric Wing,2026-03-02,1
DON_01711,Clifford Morrison,92.84,General Fund,2024-08-17,0
DON_01712,Kathryn Gilbert,4048.72,Emergency Relief,2025-12-06,1
DON_01713,Shawn Pope,3607.82,Cardiac Care,2025-09-14,0
DON_01714,Danielle Herrera,6444.67,Cancer Ward,2025-01-30,0
DON_01715,Megan Vasquez,2875.7,General Fund,2025-03-16,0
DON_01716,Anthony Smith,1053.14,Cancer Ward,2025-11-13,0
DON_01717,Gene Huffman,3283.78,General Fund,2024-12-28,0
DON_01718,,28881.43,Equipment Fund,2025-03-10,0
DON_01719,Samuel Burke,23921.15,Dialysis Fund,2025-07-22,0
DON_01720,Christopher Washington,8753.53,Equipment Fund,2026-05-19,0
DON_01721,Sarah Williams,31533.29,Cardiac Care,2026-05-15,0
DON_01722,Julia Evans,3972.49,Equipment Fund,2024-12-22,0
DON_01723,Randy Berg,13163.59,Dialysis Fund,2025-08-15,1
DON_01724,Paula Beltran,2313.45,Emergency Relief,2025-12-30,0
DON_01725,Kristopher Patrick,26882.46,Equipment Fund,2025-01-21,0
DON_01726,John Smith,2098.96,Emergency Relief,2025-01-13,1
DON_01727,Jennifer Gutierrez,485.68,General Fund,2026-06-12,0
DON_01728,James Calderon,4791.6,Cancer Ward,2024-11-22,1
DON_01729,Erin Rich,34679.7,Cancer Ward,2026-06-25,0
DON_01730,Amanda Curtis,2079.57,Cancer Ward,2024-08-16,0
DON_01731,Mindy Friedman,6022.18,Pediatric Wing,2025-07-18,1
DON_01732,Robert Glass,5706.06,Cancer Ward,2026-02-24,0
DON_01733,Glenn Weaver,24265.55,Dialysis Fund,2025-12-17,1
DON_01734,Katherine Hawkins,8210.41,Cardiac Care,2025-05-05,0
DON_01735,Charles Brown,14184.52,Pediatric Wing,2026-02-28,0
DON_01736,Kelli Miller,7772.36,General Fund,2024-09-27,0
DON_01737,Emily Walsh,12026.26,Equipment Fund,2026-07-03,0
DON_01738,Mariah Thomas,967.13,General Fund,2025-12-21,0
DON_01739,April Townsend,7026.78,Equipment Fund,2025-03-14,0
DON_01740,Allen Rice,28976.28,Pediatric Wing,2025-04-03,0
DON_01741,Mark Cross,17619.49,Cancer Ward,2025-11-09,0
DON_01742,Lori Williams,60118.96,Pediatric Wing,2025-08-26,0
DON_01743,Katherine Roberts,23261.84,Pediatric Wing,2026-01-08,0
DON_01744,Sherry Austin,9008.79,Cardiac Care,2025-12-20,0
DON_01745,,16918.17,Cancer Ward,2026-01-23,0
DON_01746,Elizabeth Khan,22435.86,General Fund,2024-09-27,0
DON_01747,Mary Cruz,4714.16,Emergency Relief,2024-10-04,0
DON_01748,Felicia Burton,928.42,Pediatric Wing,2026-05-26,0
DON_01749,,7809.28,Cancer Ward,2026-06-11,0
DON_01750,Eric James,2344.07,Pediatric Wing,2025-08-20,0
DON_01751,Melissa Wright,4870.19,Emergency Relief,2024-10-15,0
DON_01752,Elizabeth Banks,44018.29,Equipment Fund,2025-02-26,0
DON_01753,Jennifer Solomon,28167.86,Dialysis Fund,2025-06-16,0
DON_01754,Carolyn Yates,13464.38,Equipment Fund,2025-11-18,0
DON_01755,Donna Morris,7693.83,Equipment Fund,2026-05-01,0
DON_01756,Deborah Daniel,4604.61,Cardiac Care,2025-10-07,0
DON_01757,Ray Hudson,12710.51,Pediatric Wing,2026-05-02,0
DON_01758,Christine Carroll,11426.54,Emergency Relief,2024-10-13,1
DON_01759,,22765.25,General Fund,2024-11-21,1
DON_01760,Tara Brown,39470.54,Cancer Ward,2025-10-11,1
DON_01761,Jessica Santos,5983.39,Cancer Ward,2025-09-01,0
DON_01762,Amanda Williams,3465.69,Emergency Relief,2026-04-29,1
DON_01763,William Kennedy,7732.54,Cardiac Care,2026-07-09,1
DON_01764,Samuel Maddox,8631.56,Emergency Relief,2024-10-30,0
DON_01765,,610.3,Dialysis Fund,2026-01-27,0
DON_01766,,29674.57,Emergency Relief,2025-08-31,0
DON_01767,Katherine Hughes,81366.17,Emergency Relief,2026-04-26,1
DON_01768,Morgan Castillo,38499.96,Equipment Fund,2026-03-20,0
DON_01769,Megan Ray,29563.11,Cancer Ward,2026-05-03,0
DON_01770,Patricia Hall,73594.74,Dialysis Fund,2025-08-20,0
DON_01771,Lisa Pham,35758.3,General Fund,2026-06-10,0
DON_01772,Bradley Shepherd,17488.97,Cardiac Care,2026-03-28,0
DON_01773,Joshua Levy,2736.44,Emergency Relief,2025-11-17,1
DON_01774,Blake Fisher,2550.27,General Fund,2025-02-25,0
DON_01775,Christopher Carter,750.14,Equipment Fund,2025-12-05,0
DON_01776,Julia Smith,7961.11,General Fund,2024-08-07,0
DON_01777,Jacqueline Gonzalez,24818.42,Emergency Relief,2025-08-14,1
DON_01778,Tiffany Munoz,10108.88,General Fund,2025-02-02,0
DON_01779,,6843.21,Dialysis Fund,2025-06-04,0
DON_01780,Kayla Klein,1735.13,Pediatric Wing,2024-07-29,0
DON_01781,Regina Walker,797.11,Cancer Ward,2025-06-09,0
DON_01782,Jessica Phillips,7641.88,Cardiac Care,2026-05-27,0
DON_01783,Jasmine Wilcox,1579.16,Equipment Fund,2024-10-24,0
DON_01784,Mark Thompson,1639.66,Emergency Relief,2024-08-20,0
DON_01785,Christie Romero,7546.54,Cancer Ward,2025-09-01,0
DON_01786,Kenneth Morris,10482.75,Pediatric Wing,2025-02-03,0
DON_01787,,3099.51,Pediatric Wing,2025-05-04,0
DON_01788,Scott Jefferson,17310.4,General Fund,2026-02-11,0
DON_01789,Paula Phillips,8137.12,Cancer Ward,2025-05-11,0
DON_01790,Suzanne Bass,1446.38,Cardiac Care,2026-04-24,0
DON_01791,Erin Curry,15201.7,Pediatric Wing,2024-08-10,0
DON_01792,John Miller,6622.87,Cancer Ward,2025-02-21,0
DON_01793,Donna Taylor,806.1,Pediatric Wing,2025-04-15,0
DON_01794,Daniel Jackson,44342.36,Emergency Relief,2025-11-06,0
DON_01795,,12701.36,Cancer Ward,2025-02-19,0
DON_01796,Caroline Reyes,9743.28,Cancer Ward,2026-04-04,0
DON_01797,,29399.55,Pediatric Wing,2025-11-01,0
DON_01798,Michael Moreno,41407.63,Equipment Fund,2024-08-27,0
DON_01799,Madison Meyer,3733.11,Equipment Fund,2024-10-24,0
DON_01800,James Owen,24922.38,Cardiac Care,2026-05-05,1
DON_01801,Donald Garcia,26674.94,Cancer Ward,2024-08-14,0
DON_01802,Jessica Duncan,839.08,Cancer Ward,2026-06-08,1
DON_01803,William Smith,18669.01,Cancer Ward,2024-09-30,0
DON_01804,Cynthia Moore,975.57,Emergency Relief,2025-07-23,0
DON_01805,,13545.93,Equipment Fund,2026-03-03,1
DON_01806,Joseph Hubbard,16595.29,General Fund,2026-01-25,1
DON_01807,Martin Lee,6860.66,Equipment Fund,2025-12-10,1
DON_01808,,31902.71,Dialysis Fund,2024-09-28,1
DON_01809,Andrea Burgess,24180.0,Dialysis Fund,2024-10-25,0
DON_01810,Daniel Mcintyre,39047.19,Cardiac Care,2025-04-05,0
DON_01811,Mark Stark,5672.63,Cancer Ward,2025-07-17,0
DON_01812,Tracie Hale,326.44,Cancer Ward,2025-06-12,0
DON_01813,Brian Sanchez,25026.78,Emergency Relief,2025-11-30,0
DON_01814,William Coffey,3784.29,Cardiac Care,2025-12-25,0
DON_01815,Sue Mcguire,9442.9,Emergency Relief,2026-04-13,0
DON_01816,Sarah Mckinney,25500.39,General Fund,2025-08-24,0
DON_01817,Jessica Jefferson,3652.78,Pediatric Wing,2025-08-17,0
DON_01818,John Lewis,5607.51,Dialysis Fund,2025-05-23,1
DON_01819,,8672.65,Cardiac Care,2024-11-05,0
DON_01820,,4758.21,Pediatric Wing,2025-05-22,1
DON_01821,James Fox,9279.54,Dialysis Fund,2025-06-30,0
DON_01822,Rebecca Cook,144.64,Equipment Fund,2025-11-17,1
DON_01823,Michelle White,3577.44,Pediatric Wing,2025-04-08,0
DON_01824,Jasmine James,26806.36,Dialysis Fund,2025-04-30,1
DON_01825,Martin Johnson,8003.28,Cancer Ward,2026-07-15,0
DON_01826,Christopher Vasquez,15175.75,Equipment Fund,2025-07-07,0
DON_01827,Christina Murphy,3965.11,Dialysis Fund,2026-01-31,0
DON_01828,Harold Taylor,15742.13,Cardiac Care,2026-04-14,1
DON_01829,,158285.05,Emergency Relief,2024-11-10,1
DON_01830,Thomas Reed,13568.68,Cardiac Care,2025-05-13,1
DON_01831,Corey Vasquez,14847.39,Equipment Fund,2026-07-13,1
DON_01832,Anthony Hunt,1773.64,Dialysis Fund,2025-08-30,0
DON_01833,Sydney Keller,7747.16,Cardiac Care,2024-07-16,0
DON_01834,,29569.56,Pediatric Wing,2025-04-29,0
DON_01835,Gail Compton,26961.11,Cancer Ward,2026-06-05,0
DON_01836,,11084.7,General Fund,2025-03-18,1
DON_01837,John Shaw,35066.06,Emergency Relief,2025-02-16,0
DON_01838,,2313.66,Pediatric Wing,2025-10-15,0
DON_01839,,16102.48,Pediatric Wing,2026-05-05,1
DON_01840,Daniel Wise,4292.92,Dialysis Fund,2025-12-02,1
DON_01841,Sheila Ellison,15558.3,Cardiac Care,2024-08-07,1
DON_01842,Monique Osborn,1371.86,Dialysis Fund,2025-12-07,1
DON_01843,Troy Terry,43131.71,Cardiac Care,2025-09-20,0
DON_01844,Sherry Stewart,23149.98,Dialysis Fund,2025-12-19,0
DON_01845,Helen Gamble,3365.19,Emergency Relief,2024-09-10,0
DON_01846,David Reyes,15211.72,Pediatric Wing,2024-08-24,1
DON_01847,John Little,21353.44,Emergency Relief,2025-02-19,0
DON_01848,Jessica Miller,3525.32,General Fund,2025-10-05,0
DON_01849,,1469.66,Emergency Relief,2024-11-18,0
DON_01850,Eric Huynh,6502.87,Pediatric Wing,2026-03-02,0
DON_01851,Henry Martin,2188.47,Dialysis Fund,2025-11-29,0
DON_01852,Crystal Herrera DVM,12510.7,Cardiac Care,2026-06-28,0
DON_01853,Jennifer Palmer,8277.71,General Fund,2025-10-03,0
DON_01854,Morgan Malone,9310.29,Equipment Fund,2025-10-28,1
DON_01855,Michael Stevens,11741.6,Cancer Ward,2025-01-21,0
DON_01856,,60304.27,Pediatric Wing,2025-03-27,0
DON_01857,Samantha Jenkins,23599.17,Dialysis Fund,2024-09-04,0
DON_01858,Becky Thomas,14892.37,Cardiac Care,2025-04-24,1
DON_01859,Rebecca Hendrix,6781.41,Dialysis Fund,2026-04-22,0
DON_01860,Amanda Wilson,411.64,Dialysis Fund,2025-08-11,0
DON_01861,Nichole Cunningham,1858.43,Cardiac Care,2025-01-02,0
DON_01862,Robert Campbell,19688.26,Cardiac Care,2025-12-06,0
DON_01863,Jeremy Garcia,6911.59,Cardiac Care,2026-01-22,0
DON_01864,Joshua Allen,6106.84,Cancer Ward,2024-09-22,0
DON_01865,Christopher Watkins,32970.45,Equipment Fund,2026-01-26,1
DON_01866,,9939.53,Cardiac Care,2026-01-07,0
DON_01867,Brandon Francis,34475.47,Cancer Ward,2025-05-04,1
DON_01868,Shelby Lowe,32657.6,General Fund,2026-01-04,0
DON_01869,Eric Simmons,1253.68,Cardiac Care,2026-05-06,0
DON_01870,Dawn Washington,43605.65,Cardiac Care,2025-06-23,1
DON_01871,Christopher Osborn,1201.16,General Fund,2025-02-16,0
DON_01872,Thomas Ferguson,49659.16,Dialysis Fund,2024-12-14,0
DON_01873,Adam Mora,9039.04,General Fund,2024-08-01,0
DON_01874,Holly Meyer,21460.63,General Fund,2025-02-20,1
DON_01875,,18370.0,Pediatric Wing,2025-05-07,0
DON_01876,James Morales,10962.58,Cancer Ward,2025-11-21,0
DON_01877,Kelly Brown,14492.26,General Fund,2026-02-23,0
DON_01878,Tara Bass,44911.46,Pediatric Wing,2025-11-12,0
DON_01879,,39331.84,Pediatric Wing,2025-08-20,0
DON_01880,Sandra Reynolds,15933.89,Pediatric Wing,2026-01-02,1
DON_01881,Sandra Combs,16081.83,Cancer Ward,2024-09-25,1
DON_01882,Lynn Lynch,4254.13,Cancer Ward,2024-10-15,0
DON_01883,Bradley Smith,26458.39,Cardiac Care,2024-09-24,1
DON_01884,Peter Strickland,15019.7,Emergency Relief,2024-09-14,1
DON_01885,Cody Harrison,26251.96,Cardiac Care,2024-10-03,0
DON_01886,Brittany Thompson,16087.7,Pediatric Wing,2025-12-23,0
DON_01887,Shannon Pearson,5335.56,Dialysis Fund,2025-06-15,1
DON_01888,James Wilkerson,3151.21,Pediatric Wing,2025-10-24,0
DON_01889,Dawn Rojas,1201.34,General Fund,2025-09-23,0
DON_01890,Stephanie Mcmahon,13228.16,Emergency Relief,2025-01-12,1
DON_01891,Paul Martinez,5012.2,Pediatric Wing,2025-08-06,0
DON_01892,Danielle Thomas,14934.45,General Fund,2024-12-23,0
DON_01893,Natasha Baker,906.71,Cancer Ward,2024-08-13,1
DON_01894,William Williamson,7065.98,Dialysis Fund,2026-01-25,0
DON_01895,Victoria Taylor,4527.79,Pediatric Wing,2024-10-15,0
DON_01896,Tyler Ponce,6938.49,Cardiac Care,2025-09-15,0
DON_01897,,837.19,Emergency Relief,2026-03-15,0
DON_01898,Catherine Brown,19320.18,General Fund,2026-03-03,0
DON_01899,,1861.31,Equipment Fund,2025-03-17,0
DON_01900,James Weaver,217.61,General Fund,2026-02-22,1
DON_01901,David Williams,43862.09,Cardiac Care,2025-07-24,0
DON_01902,Denise Morris,3214.18,Cardiac Care,2025-01-28,1
DON_01903,Kelly Wolfe,26409.26,Dialysis Fund,2026-03-31,0
DON_01904,,50060.92,Emergency Relief,2025-07-30,0
DON_01905,Cindy Gutierrez,11457.45,Cancer Ward,2025-02-27,1
DON_01906,Alexis Andrews,11201.96,General Fund,2025-04-14,0
DON_01907,Chelsea Howell,6869.16,Equipment Fund,2025-08-10,1
DON_01908,Laura Hansen,8316.3,General Fund,2026-04-07,0
DON_01909,Tony Greene,9868.88,Emergency Relief,2025-03-16,0
DON_01910,Aaron Davis,2474.79,Equipment Fund,2025-02-01,0
DON_01911,Renee Martin,6805.74,Equipment Fund,2026-02-27,0
DON_01912,Zachary Fowler,25401.14,Cardiac Care,2025-06-06,1
DON_01913,Ashley Hernandez,3020.7,Emergency Relief,2025-04-18,1
DON_01914,Sherri Melton,19631.85,General Fund,2026-02-24,0
DON_01915,Paula Gardner,15815.48,Pediatric Wing,2026-05-09,0
DON_01916,Victoria Guerrero,885.07,Pediatric Wing,2025-10-28,1
DON_01917,Jordan Johnson,340.26,Dialysis Fund,2024-09-12,0
DON_01918,Dr. Sean Holland,6520.21,Cancer Ward,2025-03-07,1
DON_01919,Donna Howell,17673.13,Cancer Ward,2025-06-06,0
DON_01920,Daniel Chapman,6016.52,Pediatric Wing,2024-10-06,0
DON_01921,Duane George,16527.26,Dialysis Fund,2026-05-29,0
DON_01922,Rebecca Grant,16424.9,Dialysis Fund,2024-07-30,0
DON_01923,Jeffrey Young,24641.4,General Fund,2026-04-10,1
DON_01924,Justin Ruiz,1571.84,Cardiac Care,2024-07-22,0
DON_01925,Julia Garrett,12910.32,General Fund,2025-12-12,0
DON_01926,Michael Garcia,968.03,Cancer Ward,2026-03-19,0
DON_01927,Paul Walker,2902.81,Pediatric Wing,2024-11-12,0
DON_01928,Melody Perez,5906.77,General Fund,2025-08-23,0
DON_01929,Christopher Le,18433.68,Pediatric Wing,2024-10-18,0
DON_01930,Monica Khan,54674.65,Dialysis Fund,2025-05-10,0
DON_01931,,6290.13,Dialysis Fund,2025-08-12,0
DON_01932,William Galvan,11045.35,Dialysis Fund,2024-08-26,1
DON_01933,,4497.45,Cardiac Care,2026-02-06,1
DON_01934,,16881.57,Equipment Fund,2024-12-22,0
DON_01935,Daniel Hill,6849.46,Dialysis Fund,2025-06-16,0
DON_01936,Julia Gonzalez,9855.01,General Fund,2024-09-09,0
DON_01937,Carl Kramer,12583.45,Emergency Relief,2025-03-06,0
DON_01938,Kayla Martinez,17387.02,Emergency Relief,2025-06-04,0
DON_01939,Elizabeth Ramirez,928.96,Pediatric Wing,2025-05-30,1
DON_01940,,12141.88,Cancer Ward,2025-02-06,0
DON_01941,Catherine Smith,8462.45,Cardiac Care,2025-03-09,1
DON_01942,Michelle Frank,2153.99,Pediatric Wing,2024-09-12,0
DON_01943,Ashley Brown,3498.6,Emergency Relief,2025-08-20,0
DON_01944,Terry Cobb,32298.27,General Fund,2025-02-01,0
DON_01945,,30809.65,General Fund,2025-09-06,0
DON_01946,Jeffrey Carlson,508.48,General Fund,2025-10-03,0
DON_01947,William Edwards,17538.81,General Fund,2025-12-03,1
DON_01948,Jennifer Lamb,12117.85,Cancer Ward,2026-06-08,0
DON_01949,Joseph Hansen,42155.19,Dialysis Fund,2025-04-16,0
DON_01950,Brian Marshall,35790.43,General Fund,2026-04-23,0
DON_01951,Emma Russell,12996.87,Dialysis Fund,2025-12-21,0
DON_01952,,2244.13,Emergency Relief,2026-05-05,0
DON_01953,Christina Simmons,9237.65,Pediatric Wing,2024-09-03,0
DON_01954,Marvin Winters,19373.73,Pediatric Wing,2026-02-25,0
DON_01955,Shelby Lindsey,45466.24,Emergency Relief,2024-08-23,0
DON_01956,,6784.33,General Fund,2025-10-25,0
DON_01957,April Baker,23033.86,Cardiac Care,2025-05-16,1
DON_01958,Nicholas Lowe,17248.94,Emergency Relief,2026-04-16,0
DON_01959,Breanna Roberts,1222.91,Dialysis Fund,2025-08-06,0
DON_01960,Paul Bennett,12245.9,Cardiac Care,2025-04-23,0
DON_01961,,3041.09,Equipment Fund,2026-05-20,0
DON_01962,Mike Spence,17258.82,Cancer Ward,2025-08-08,0
DON_01963,Troy Patton,14127.39,General Fund,2024-11-01,1
DON_01964,Jeremy Randall,54205.52,General Fund,2026-03-23,0
DON_01965,,41089.09,General Fund,2025-08-27,0
DON_01966,Angela Greer,141.26,Dialysis Fund,2026-05-15,0
DON_01967,Bryan Barber,1251.2,Emergency Relief,2025-08-18,1
DON_01968,Clayton Pacheco,21988.79,Cardiac Care,2025-10-01,0
DON_01969,Victoria Lee,17358.39,Dialysis Fund,2025-12-12,1
DON_01970,Amanda Gallegos,24212.66,Cardiac Care,2025-11-23,1
DON_01971,Dean Hall,4655.36,Dialysis Fund,2024-12-08,1
DON_01972,Laura Williams,28389.23,Dialysis Fund,2024-07-28,0
DON_01973,Ruben Ellison,8762.23,General Fund,2025-09-07,0
DON_01974,Amanda Bennett,4555.31,Dialysis Fund,2024-09-18,0
DON_01975,Martin Mcdonald,159.97,Cancer Ward,2025-02-16,1
DON_01976,John Mueller,30761.53,Equipment Fund,2025-08-02,0
DON_01977,Sharon Jones,11496.86,Equipment Fund,2024-09-30,0
DON_01978,Gregory Gordon,55564.21,Equipment Fund,2025-03-23,0
DON_01979,Alexa Grimes,18812.23,Emergency Relief,2024-09-05,1
DON_01980,Adam Cardenas,1257.53,Emergency Relief,2025-04-30,1
DON_01981,Rebecca Knapp,13307.94,Cardiac Care,2026-07-04,0
DON_01982,Anthony Klein,259.09,Cancer Ward,2024-08-08,0
DON_01983,Thomas Henry,12239.28,Dialysis Fund,2025-07-16,0
DON_01984,Robert Poole,6466.4,General Fund,2026-06-10,0
DON_01985,Lori Griffin,15462.73,Dialysis Fund,2026-02-09,0
DON_01986,William Stevens,11699.35,Cardiac Care,2026-01-03,0
DON_01987,Miranda Zuniga,4543.97,General Fund,2026-02-19,1
DON_01988,Adam Lynch,2657.33,Pediatric Wing,2026-06-30,0
DON_01989,Jenny Daugherty,7780.64,Pediatric Wing,2024-11-24,0
DON_01990,David Wong,64954.4,Cancer Ward,2025-06-20,0
DON_01991,,8582.5,Cardiac Care,2024-09-19,0
DON_01992,,20721.82,Equipment Fund,2025-02-06,0
DON_01993,Michael Anderson,879.91,Emergency Relief,2024-08-05,0
DON_01994,Margaret Mueller,7143.12,Dialysis Fund,2025-04-27,0
DON_01995,Jeremiah Dickerson,13024.05,Emergency Relief,2025-06-22,0
DON_01996,Christopher Blevins,20866.38,Cancer Ward,2026-03-23,0
DON_01997,Kenneth Mason,11273.84,Dialysis Fund,2025-04-14,0
DON_01998,Julie Williams,10863.24,Emergency Relief,2024-12-23,0
DON_01999,,21652.94,Equipment Fund,2024-09-26,1
DON_02000,April Maxwell,5637.6,Cardiac Care,2025-08-29,1
DON_02001,Linda Chandler,1424.73,Pediatric Wing,2026-02-14,0
DON_02002,Kari Chandler,6396.13,Emergency Relief,2024-11-15,0
DON_02003,Christopher Bentley,2597.39,Pediatric Wing,2026-05-05,0
DON_02004,Jason Adams,50696.33,Cardiac Care,2024-08-24,1
DON_02005,Lauren Campbell,12923.9,Dialysis Fund,2025-02-28,0
DON_02006,Dr. Lance Brown Jr.,8875.12,Cardiac Care,2025-10-01,0
DON_02007,Robert Hodge,36465.12,Cardiac Care,2024-10-06,0
DON_02008,Amanda Ford,34593.08,Equipment Fund,2025-07-08,0
DON_02009,Stacey Ross,8060.04,General Fund,2025-10-28,1
DON_02010,,31158.94,Emergency Relief,2025-11-06,0
DON_02011,Edward Lee,992.51,Pediatric Wing,2024-09-30,1
DON_02012,Nicole White,32536.44,Cardiac Care,2025-12-24,0
DON_02013,Terry Larson,5578.65,General Fund,2026-02-28,0
DON_02014,Kristen Sanders,12490.36,Dialysis Fund,2025-11-25,0
DON_02015,Edward Sweeney,4714.26,Cardiac Care,2026-03-13,0
DON_02016,Tyler Rocha,62796.46,General Fund,2025-07-17,0
DON_02017,Richard Small,1117.3,Equipment Fund,2024-10-23,0
DON_02018,Danielle Ward,8884.75,Dialysis Fund,2025-07-01,1
DON_02019,Kristen Moss,14552.82,General Fund,2026-04-17,1
DON_02020,Cheryl Fitzgerald,14341.55,Cancer Ward,2024-11-12,0
DON_02021,Daniel Krause,20134.64,General Fund,2024-12-02,0
DON_02022,Sara Richardson,19332.91,General Fund,2025-07-09,0
DON_02023,Christopher Brown,23635.89,Dialysis Fund,2025-10-20,0
DON_02024,Donald Mills,4004.23,Equipment Fund,2025-02-20,0
DON_02025,Christopher Hooper,6942.6,Dialysis Fund,2026-03-18,0
DON_02026,Shelby Jones,7219.81,Pediatric Wing,2026-05-31,1
DON_02027,Scott Rowe,46798.92,Pediatric Wing,2024-07-22,0
DON_02028,Francisco Johnson,7897.01,Cancer Ward,2026-03-02,1
DON_02029,Derek Luna,3762.91,Emergency Relief,2025-07-14,1
DON_02030,Timothy George,15009.13,Cardiac Care,2025-06-28,0
DON_02031,Harold Chaney,8360.03,Cancer Ward,2025-05-24,1
DON_02032,Stephanie Cruz,4316.83,Dialysis Fund,2025-05-13,0
DON_02033,Nancy Walsh,18836.12,Equipment Fund,2026-03-31,0
DON_02034,Lindsey Thompson,3196.51,Cardiac Care,2025-10-25,0
DON_02035,Leah Stanley,15050.38,Equipment Fund,2026-02-13,0
DON_02036,Ryan Russell,8445.76,Dialysis Fund,2025-03-08,1
DON_02037,Jeff Luna,5766.58,Cancer Ward,2025-03-03,1
DON_02038,Abigail Cabrera,43776.64,Cardiac Care,2025-12-21,0
DON_02039,Michael Ayala,5882.48,Emergency Relief,2025-08-29,0
DON_02040,Megan Neal,6404.33,Cancer Ward,2026-01-28,1
DON_02041,Mr. Ronald Anderson,30677.15,Cancer Ward,2024-09-08,1
DON_02042,David Smith,2072.45,Cancer Ward,2024-09-10,0
DON_02043,Travis Nunez,1715.49,Dialysis Fund,2025-12-20,1
DON_02044,Rachel Lee,4984.08,General Fund,2025-10-11,0
DON_02045,Sherri Pena,13433.94,Emergency Relief,2025-08-08,0
DON_02046,Stephanie Fischer,7274.94,Dialysis Fund,2025-08-10,0
DON_02047,Ashley Harris,14068.63,Pediatric Wing,2026-06-22,0
DON_02048,Maurice Gutierrez,2610.85,Cardiac Care,2025-02-03,0
DON_02049,Michelle Warren,4546.01,Emergency Relief,2025-02-08,1
DON_02050,Robert Lee,12491.74,Emergency Relief,2026-05-25,1
DON_02051,,3672.2,Dialysis Fund,2025-10-04,0
DON_02052,Michael Brown,8243.62,General Fund,2025-08-01,0
DON_02053,Kyle Logan,12752.2,Equipment Fund,2024-11-01,1
DON_02054,Jennifer Bell,54544.82,Cancer Ward,2025-05-11,0
DON_02055,Jeffrey West,1248.88,General Fund,2026-03-05,0
DON_02056,Michael Peters,9254.3,Equipment Fund,2025-11-14,0
DON_02057,Nicholas Jones,7569.45,Emergency Relief,2025-08-19,1
DON_02058,Daisy Fritz,26079.64,Dialysis Fund,2026-03-27,0
DON_02059,Keith Wilson,34583.41,Cardiac Care,2025-08-18,0
DON_02060,John Fisher,35629.46,Emergency Relief,2025-05-05,1
DON_02061,Seth Bautista,7053.4,Cardiac Care,2026-01-20,0
DON_02062,Brittany Avila,5450.21,Emergency Relief,2026-05-25,0
DON_02063,Andrew Evans,8944.04,Cancer Ward,2026-03-27,0
DON_02064,Andrew Rogers,6323.6,Dialysis Fund,2024-11-21,0
DON_02065,,19033.06,Cardiac Care,2025-08-09,1
DON_02066,Elizabeth Stevenson,3603.79,Equipment Fund,2025-03-05,1
DON_02067,Karen Kidd,16124.2,Dialysis Fund,2026-01-26,0
DON_02068,Kelly Blair,39256.88,Cancer Ward,2024-10-10,0
DON_02069,,4925.76,Dialysis Fund,2026-03-24,0
DON_02070,Timothy Hunter,16946.47,Pediatric Wing,2026-01-12,0
DON_02071,Charles Perez,2324.58,Cancer Ward,2025-01-09,0
DON_02072,Colleen Parker,1941.11,Dialysis Fund,2026-02-18,0
DON_02073,,1843.44,Emergency Relief,2026-07-10,0
DON_02074,Paul Craig,2236.69,Dialysis Fund,2025-01-30,0
DON_02075,Nicholas Fisher,3653.35,Emergency Relief,2024-12-18,1
DON_02076,,12411.51,Cancer Ward,2025-05-26,1
DON_02077,Sherry Young,21849.83,Emergency Relief,2025-05-08,0
DON_02078,,2034.84,Emergency Relief,2025-08-07,0
DON_02079,Jacob Vaughn,30605.04,Pediatric Wing,2025-10-19,0
DON_02080,Michael Rocha,27745.56,Cancer Ward,2024-09-17,1
DON_02081,Shaun Reyes,19495.59,Emergency Relief,2026-04-16,1
DON_02082,Christine Porter,8325.99,Cardiac Care,2025-08-22,0
DON_02083,Amber Salas,23.38,Pediatric Wing,2024-09-06,0
DON_02084,Kathleen Miranda,19907.08,General Fund,2025-07-04,1
DON_02085,Heidi Jones,31677.75,Cancer Ward,2025-10-03,0
DON_02086,Julie Coleman,6125.98,Emergency Relief,2025-12-26,1
DON_02087,,18987.06,Equipment Fund,2026-04-14,0
DON_02088,Erica Edwards,960.84,Emergency Relief,2025-12-29,0
DON_02089,Erika Thompson,18542.01,Cardiac Care,2024-09-19,0
DON_02090,Michelle Crawford,1061.3,Cardiac Care,2025-09-27,0
DON_02091,Lisa Chandler,13271.38,General Fund,2025-01-19,0
DON_02092,Michael Michael,13652.89,Equipment Fund,2024-09-04,1
DON_02093,Jacob Long,5396.41,Emergency Relief,2024-11-22,0
DON_02094,Jacob Mendoza,1236.43,Equipment Fund,2024-08-14,1
DON_02095,,44737.73,Emergency Relief,2025-02-27,0
DON_02096,James Clark,11504.41,General Fund,2026-03-02,0
DON_02097,Jennifer Guerrero,13003.87,Emergency Relief,2025-12-27,0
DON_02098,Derek Snow,14318.49,Cardiac Care,2025-11-29,0
DON_02099,Jermaine Walker,33252.71,Cardiac Care,2026-03-20,0
DON_02100,Nicholas Phillips,932.21,Cancer Ward,2025-08-23,0
DON_02101,Janet Brady,33564.29,Emergency Relief,2025-01-25,0
DON_02102,Shawn Watson,4110.17,General Fund,2024-09-08,1
DON_02103,Jacqueline Davis,1217.34,Equipment Fund,2024-12-20,0
DON_02104,Amanda Vasquez,16062.0,Equipment Fund,2024-09-08,0
DON_02105,,56568.04,Cancer Ward,2025-01-02,0
DON_02106,Joshua Harmon,884.19,Pediatric Wing,2025-09-22,1
DON_02107,Emily Richardson,8330.07,Emergency Relief,2024-12-26,0
DON_02108,Charles Sampson,11318.46,Cardiac Care,2025-12-18,0
DON_02109,Tyler Clark,4357.67,Cardiac Care,2025-12-17,1
DON_02110,David Scott,61005.74,Dialysis Fund,2025-10-23,0
DON_02111,Anna Stevens,15364.96,Emergency Relief,2024-09-11,0
DON_02112,,27902.25,Emergency Relief,2025-06-01,0
DON_02113,,8062.11,Cancer Ward,2024-10-28,0
DON_02114,Edwin Harding,6553.31,Equipment Fund,2024-12-19,0
DON_02115,Crystal Phillips,12083.25,Cardiac Care,2024-08-26,0
DON_02116,Veronica Wright,8571.34,Emergency Relief,2025-01-12,0
DON_02117,Michael Baker,18826.26,Cancer Ward,2025-06-14,0
DON_02118,,4634.98,Dialysis Fund,2024-10-24,1
DON_02119,Colleen Hobbs,8956.41,Emergency Relief,2026-02-15,0
DON_02120,Nicole Wilson,33825.9,Dialysis Fund,2024-07-19,1
DON_02121,Brandi Thornton,21165.44,Emergency Relief,2026-07-10,0
DON_02122,Miss Jessica Burton,2760.11,Dialysis Fund,2026-01-01,0
DON_02123,Miss Christine Villegas,32687.58,Equipment Fund,2025-03-05,1
DON_02124,Deborah Ray,13338.04,Emergency Relief,2025-04-07,0
DON_02125,Erik Lamb,17058.14,Emergency Relief,2024-07-29,0
DON_02126,,5227.55,General Fund,2024-08-09,1
DON_02127,Jason Brown,8738.7,Pediatric Wing,2025-10-11,0
DON_02128,Michael Craig,24661.41,Equipment Fund,2025-01-01,0
DON_02129,,6022.31,General Fund,2025-12-24,0
DON_02130,Derek James,2705.96,Emergency Relief,2026-07-04,0
DON_02131,Jessica Bush,7129.58,Cancer Ward,2025-09-17,0
DON_02132,Brittany Snow,1075.96,Equipment Fund,2026-05-23,1
DON_02133,,18980.09,General Fund,2024-08-27,0
DON_02134,,2398.06,General Fund,2026-01-18,1
DON_02135,Tracy Cain,5034.73,Cardiac Care,2024-08-31,0
DON_02136,Mary Romero,31939.69,Cardiac Care,2024-12-12,0
DON_02137,Miss Kelsey Walters,11664.17,Dialysis Fund,2025-11-02,0
DON_02138,Deanna Valencia,5814.49,Emergency Relief,2026-01-26,1
DON_02139,Paul Ware,11900.05,Emergency Relief,2024-11-09,1
DON_02140,Wendy Walls,3693.83,Emergency Relief,2025-05-09,0
DON_02141,Teresa Cruz,382.43,Pediatric Wing,2026-03-17,0
DON_02142,Laura Rice,13884.99,Dialysis Fund,2025-02-27,0
DON_02143,Susan Bennett,18783.06,Dialysis Fund,2026-06-24,0
DON_02144,,31776.7,Cardiac Care,2025-11-21,0
DON_02145,Chad Gordon,22168.47,Cancer Ward,2026-07-13,0
DON_02146,Valerie Scott,39193.36,Pediatric Wing,2024-12-08,0
DON_02147,Ms. Sherry Vazquez,63980.7,General Fund,2025-03-18,0
DON_02148,Robert Rosales,20493.58,Equipment Fund,2025-06-05,1
DON_02149,Richard Garza,30365.59,Cardiac Care,2026-02-24,0
DON_02150,Lisa Arroyo,16800.52,Cancer Ward,2025-03-08,0
DON_02151,Maurice Rodriguez,2811.9,General Fund,2025-11-11,0
DON_02152,Nicole Peterson,3007.94,Equipment Fund,2026-06-16,1
DON_02153,Danielle Garcia,1752.38,Pediatric Wing,2025-05-16,0
DON_02154,Robert West,42963.91,Cardiac Care,2026-06-10,0
DON_02155,Brandon Brooks,16755.54,Dialysis Fund,2025-11-02,0
DON_02156,Pamela Holland,23403.27,Pediatric Wing,2026-02-22,1
DON_02157,James Boone,6033.1,Emergency Relief,2026-05-04,0
DON_02158,Gregory Wong,9254.51,Emergency Relief,2025-05-10,0
DON_02159,Dr. Gabriel Webb Jr.,608.89,General Fund,2024-12-26,0
DON_02160,Brian Woodward,32974.38,Emergency Relief,2025-09-11,1
DON_02161,Cody Morris,28760.19,Dialysis Fund,2025-02-07,0
DON_02162,Gregory Bauer,23043.6,Cardiac Care,2024-12-29,0
DON_02163,Robert Williams,901.06,Cancer Ward,2024-12-09,0
DON_02164,Luis Edwards,2871.94,Pediatric Wing,2026-01-30,1
DON_02165,Kelsey Anderson,6100.83,Dialysis Fund,2024-09-27,0
DON_02166,Jessica Campos,4578.79,Equipment Fund,2025-06-13,1
DON_02167,Dorothy Reed MD,27345.02,Dialysis Fund,2024-12-01,0
DON_02168,Frank James,3250.63,Pediatric Wing,2025-02-07,0
DON_02169,Kiara Roman,11393.29,Dialysis Fund,2025-11-24,1
DON_02170,Anthony Boyd,12707.81,Equipment Fund,2025-06-18,0
DON_02171,Taylor Hatfield,8301.09,Cardiac Care,2025-04-20,0
DON_02172,Kurt Pitts,4130.14,Pediatric Wing,2026-01-07,0
DON_02173,James Oconnell,48393.9,Equipment Fund,2025-06-27,0
DON_02174,Scott Taylor,8001.16,Cardiac Care,2024-07-28,0
DON_02175,Ann Pitts,19491.29,Pediatric Wing,2026-06-17,0
DON_02176,Nicole Solomon,3050.97,Equipment Fund,2024-12-14,0
DON_02177,,25958.09,Dialysis Fund,2026-03-26,0
DON_02178,Mitchell Davis,3648.12,Cancer Ward,2026-05-29,0
DON_02179,Matthew Campos,16873.11,General Fund,2024-11-15,0
DON_02180,Gregory Johnston,10593.36,Emergency Relief,2024-07-16,0
DON_02181,Jennifer Montoya,2377.15,Equipment Fund,2025-02-22,0
DON_02182,John Guzman,378.99,Emergency Relief,2025-09-13,0
DON_02183,,40050.11,Pediatric Wing,2024-11-17,0
DON_02184,Jonathan Gutierrez,2014.81,Equipment Fund,2025-07-20,0
DON_02185,,18309.23,Cardiac Care,2026-03-24,0
DON_02186,Erin Haynes,15862.85,General Fund,2025-07-04,1
DON_02187,Heather Kirby,6271.87,Equipment Fund,2026-03-26,0
DON_02188,Jesse Hall,3075.56,Cardiac Care,2026-03-21,0
DON_02189,Tamara Buchanan,2946.21,General Fund,2025-04-10,0
DON_02190,,13204.01,Cardiac Care,2026-03-17,0
DON_02191,Cynthia Nunez,11875.34,General Fund,2026-03-01,0
DON_02192,Robert Brooks,31304.25,General Fund,2026-01-15,1
DON_02193,David Roy,15324.9,General Fund,2024-12-23,0
DON_02194,Eric Jenkins,25661.68,Cancer Ward,2026-06-30,0
DON_02195,Kyle Brown,494.25,Cancer Ward,2024-09-29,0
DON_02196,Shannon Flores,16675.15,Dialysis Fund,2025-03-25,0
DON_02197,,3992.89,Emergency Relief,2025-10-25,0
DON_02198,Jason Mendoza,4372.12,Pediatric Wing,2026-06-19,0
DON_02199,Justin Bradley,19125.4,Dialysis Fund,2025-04-11,0
DON_02200,Ashley Campbell,23656.95,Cancer Ward,2025-12-24,0
DON_02201,Rebecca Mills,6971.91,Cardiac Care,2026-07-05,0
DON_02202,Julia Miller,23415.2,Cardiac Care,2024-08-12,0
DON_02203,Krista Hall,8797.92,Cancer Ward,2025-07-31,0
DON_02204,Dr. Michael Shelton,29241.51,General Fund,2026-03-10,0
DON_02205,Scott Miller,378.29,Cancer Ward,2026-06-20,0
DON_02206,,1307.82,Dialysis Fund,2026-04-29,0
DON_02207,Cheyenne Brown,22465.22,Equipment Fund,2025-04-18,1
DON_02208,Nicole Miller,14676.07,General Fund,2025-09-01,1
DON_02209,Christopher Williams,12281.34,General Fund,2026-01-31,0
DON_02210,Danielle Saunders,14277.95,General Fund,2025-01-30,0
DON_02211,Nicole Marshall,39929.81,Pediatric Wing,2025-04-16,0
DON_02212,Ashley Price,15986.53,Pediatric Wing,2026-01-10,0
DON_02213,Dennis Allen,15639.55,General Fund,2024-07-20,0
DON_02214,Jonathon Norris,21373.71,Cardiac Care,2025-10-08,0
DON_02215,Jessica Wood,30218.38,Dialysis Fund,2026-02-11,0
DON_02216,Sarah Hodges,4555.39,Emergency Relief,2026-03-02,1
DON_02217,Tracie Adams,14385.97,Emergency Relief,2024-09-25,0
DON_02218,Stephanie Roberts,13155.15,Emergency Relief,2025-03-05,0
DON_02219,Larry Snyder,2172.78,Equipment Fund,2025-03-18,0
DON_02220,Richard Pearson,11019.45,Equipment Fund,2024-09-05,0
DON_02221,Casey Baker,1081.31,Cardiac Care,2025-03-13,0
DON_02222,Mitchell Thompson,3067.76,Emergency Relief,2025-08-30,0
DON_02223,,36621.34,General Fund,2025-11-05,0
DON_02224,,1904.61,Cardiac Care,2025-10-20,1
DON_02225,David Palmer,12973.85,General Fund,2024-10-25,0
DON_02226,Angela Castro,5861.91,Dialysis Fund,2026-07-11,0
DON_02227,Natasha Joseph,12155.78,Emergency Relief,2024-11-10,1
DON_02228,Kari Scott,4017.67,Equipment Fund,2024-08-15,0
DON_02229,Joshua Owens,8815.05,General Fund,2026-05-05,0
DON_02230,Ryan Rogers,30298.74,Cancer Ward,2026-05-20,0
DON_02231,Jeffrey Davis,7079.29,Cardiac Care,2026-02-01,1
DON_02232,Craig Pierce,6531.85,Emergency Relief,2025-05-16,0
DON_02233,Becky Flores,8862.06,Emergency Relief,2026-07-12,1
DON_02234,David Watson,1588.62,Dialysis Fund,2025-02-07,0
DON_02235,Katrina Carter,7349.35,Dialysis Fund,2026-03-27,0
DON_02236,Elizabeth Stewart,103.86,Cardiac Care,2025-01-13,0
DON_02237,,10499.47,Pediatric Wing,2024-11-13,0
DON_02238,Christopher Guzman,28252.31,Cancer Ward,2025-09-16,0
DON_02239,Michael Love,12046.88,Equipment Fund,2025-05-02,1
DON_02240,Olivia Davis,14036.89,Pediatric Wing,2025-03-20,0
DON_02241,Bobby Thompson,465.6,Dialysis Fund,2025-12-26,1
DON_02242,Rhonda Murray,29439.82,Dialysis Fund,2024-08-14,1
DON_02243,Stephen Zavala,7292.08,Emergency Relief,2025-01-11,1
DON_02244,Clayton Kelly,55245.06,General Fund,2026-03-16,0
DON_02245,Elizabeth Petersen,1925.44,Emergency Relief,2026-04-29,0
DON_02246,Nicole Allen,43417.11,Cardiac Care,2025-05-30,0
DON_02247,Michael Cox,15088.76,Cardiac Care,2025-04-19,0
DON_02248,Kristi Oconnell,806.4,Cardiac Care,2024-09-07,0
DON_02249,Heather James,53472.91,General Fund,2026-05-25,0
DON_02250,Angela Wilson,209.55,Pediatric Wing,2025-03-14,0
DON_02251,Justin Gray,19678.95,General Fund,2026-05-22,0
DON_02252,Mark Smith,33045.16,General Fund,2025-11-12,0
DON_02253,Scott Fischer,2900.34,Cancer Ward,2024-12-05,0
DON_02254,Daniel Martin,6309.23,General Fund,2026-03-28,1
DON_02255,Rebecca Brown,12356.68,Cardiac Care,2024-07-26,0
DON_02256,Benjamin Cortez,17082.58,Pediatric Wing,2025-01-24,0
DON_02257,Shelly Merritt,30821.34,Pediatric Wing,2025-10-05,0
DON_02258,,21473.8,Emergency Relief,2024-09-21,0
DON_02259,Aaron Sweeney,6772.58,General Fund,2026-06-30,0
DON_02260,Stephen Stevens,25865.98,Cancer Ward,2025-05-15,1
DON_02261,Yesenia York,50754.81,Emergency Relief,2026-01-19,0
DON_02262,Amanda Velasquez,3861.88,Dialysis Fund,2025-11-15,1
DON_02263,Charles Richardson,1154.76,Dialysis Fund,2026-02-18,0
DON_02264,Joseph Rivera,8343.09,Cancer Ward,2026-01-02,0
DON_02265,Melanie Meyers,31979.62,Cancer Ward,2026-03-25,0
DON_02266,Julie White,2442.93,Equipment Fund,2024-08-29,0
DON_02267,Robin Thomas,32546.82,Dialysis Fund,2025-10-21,0
DON_02268,Gerald Johnson,72829.54,Equipment Fund,2026-01-23,1
DON_02269,Craig Myers,832.73,Emergency Relief,2025-11-24,0
DON_02270,Valerie Thornton,10255.57,Pediatric Wing,2024-10-03,0
DON_02271,,5982.23,Emergency Relief,2025-10-06,0
DON_02272,Sonya Mcintyre,7505.21,Equipment Fund,2026-04-11,0
DON_02273,Stacey Clark,9012.21,Pediatric Wing,2025-01-09,0
DON_02274,Brian Romero,20189.04,Cardiac Care,2025-06-16,0
DON_02275,Mr. Nicholas Harris,13421.6,Emergency Relief,2025-08-28,1
DON_02276,,48740.45,Equipment Fund,2024-07-16,0
DON_02277,,6069.19,General Fund,2025-05-03,1
DON_02278,Anthony Wilson,11697.06,General Fund,2025-07-26,0
DON_02279,Brenda Navarro,25176.08,Cancer Ward,2024-10-04,0
DON_02280,Barry Hicks,7002.81,General Fund,2025-01-17,0
DON_02281,,9390.72,Pediatric Wing,2025-09-22,1
DON_02282,Curtis Phelps,17326.53,General Fund,2025-10-05,1
DON_02283,,29571.64,Pediatric Wing,2024-10-14,0
DON_02284,Monica Jordan,8059.64,Cardiac Care,2025-11-22,0
DON_02285,David Mosley,11387.72,Equipment Fund,2026-04-27,0
DON_02286,Anthony Hernandez,55406.74,Cardiac Care,2025-09-26,0
DON_02287,Kimberly Bishop,650.96,Cancer Ward,2025-03-31,0
DON_02288,Catherine Dunn,8919.32,Emergency Relief,2025-05-07,0
DON_02289,Christian Turner,15158.27,General Fund,2026-03-27,0
DON_02290,Haley Ellis,126.95,Equipment Fund,2024-12-01,1
DON_02291,Joanne Brown,13624.34,Dialysis Fund,2025-03-28,0
DON_02292,,867.61,General Fund,2025-01-25,0
DON_02293,Barbara Hinton,29232.35,Cardiac Care,2025-03-10,1
DON_02294,Michelle Oliver,24682.67,Pediatric Wing,2024-08-22,1
DON_02295,Timothy Davis,491.8,General Fund,2025-07-05,0
DON_02296,Katelyn Gonzalez,750.53,Emergency Relief,2025-04-06,0
DON_02297,,21012.83,Cancer Ward,2025-05-04,0
DON_02298,James Murray,6919.7,Dialysis Fund,2025-09-01,0
DON_02299,Kristina Simmons,12835.9,Equipment Fund,2026-06-29,0
DON_02300,Robert Smith,4727.41,Pediatric Wing,2025-06-23,0
DON_02301,Kelly Hernandez,2848.69,General Fund,2026-02-18,0
DON_02302,,5266.3,General Fund,2025-04-23,1
DON_02303,Mary Harris,4249.65,Cardiac Care,2026-06-23,1
DON_02304,,8921.47,Emergency Relief,2025-09-02,0
DON_02305,Cynthia Floyd,20596.3,Equipment Fund,2026-06-24,0
DON_02306,,12115.9,Pediatric Wing,2025-04-06,0
DON_02307,Austin Vargas,14092.56,Pediatric Wing,2025-03-07,1
DON_02308,Julie Mcdonald,9525.4,General Fund,2026-01-18,0
DON_02309,,5889.72,Emergency Relief,2025-06-05,0
DON_02310,,2323.67,Dialysis Fund,2025-02-21,0
DON_02311,Mark Serrano,6567.47,Emergency Relief,2025-06-08,1
DON_02312,Lauren Estrada,16413.27,Pediatric Wing,2025-09-17,0
DON_02313,Denise Harris,19851.34,Dialysis Fund,2026-03-24,0
DON_02314,Jennifer Sanchez,9500.03,Emergency Relief,2025-09-27,0
DON_02315,John Crawford,15534.45,Equipment Fund,2024-09-02,1
DON_02316,Shannon Rogers,3546.11,Equipment Fund,2025-08-15,0
DON_02317,Mr. Keith Spencer MD,29498.8,Cancer Ward,2025-08-26,1
DON_02318,Tammy Petersen,30141.62,Cardiac Care,2024-12-14,0
DON_02319,Sharon Casey,5792.17,Dialysis Fund,2025-11-29,1
DON_02320,Jennifer Joyce,11901.55,Emergency Relief,2026-04-05,1
DON_02321,Janice Clark,13996.29,Emergency Relief,2026-06-29,0
DON_02322,Catherine Young,9592.11,Dialysis Fund,2025-02-18,1
DON_02323,Katrina Park,36310.76,Cancer Ward,2024-08-06,0
DON_02324,Nathan Gardner,20189.78,Cancer Ward,2026-03-05,0
DON_02325,Robert Spears,16744.49,Pediatric Wing,2025-07-10,1
DON_02326,Caitlyn Ford,11012.45,Pediatric Wing,2026-03-13,0
DON_02327,Patricia Steele,1329.97,Pediatric Wing,2025-08-11,0
DON_02328,Jeffrey Ballard,1711.33,General Fund,2025-10-01,0
DON_02329,Jesse Miller,5328.9,General Fund,2025-06-10,0
DON_02330,Jonathan Alvarado,3564.77,Cancer Ward,2025-02-04,1
DON_02331,Debbie Pacheco,45715.17,Equipment Fund,2025-07-06,1
DON_02332,Bradley Reynolds,7909.73,General Fund,2025-05-01,0
DON_02333,Erika Chen,31385.52,Dialysis Fund,2025-04-20,0
DON_02334,Connie Gregory,25562.8,Pediatric Wing,2024-11-12,0
DON_02335,Richard Guzman,25115.27,Equipment Fund,2025-08-25,0
DON_02336,Donna Hall,3644.6,Cardiac Care,2026-05-28,0
DON_02337,Jeffrey Frazier,8894.69,Dialysis Fund,2025-10-20,0
DON_02338,Debra Jackson,5739.83,General Fund,2025-10-30,0
DON_02339,Cindy Gillespie,52805.29,Pediatric Wing,2025-09-25,0
DON_02340,Tiffany Owen,31402.41,Cardiac Care,2024-10-03,0
DON_02341,Levi Cantu,4313.7,Dialysis Fund,2026-02-23,1
DON_02342,Brittany Benson,5642.68,General Fund,2025-11-06,0
DON_02343,Ryan Jones,11290.57,Emergency Relief,2025-03-16,0
DON_02344,Teresa Carlson,4898.54,Dialysis Fund,2025-11-15,0
DON_02345,Sarah Gonzalez,26104.31,Equipment Fund,2024-08-29,1
DON_02346,William White,25658.05,Cardiac Care,2025-04-19,0
DON_02347,,19328.83,General Fund,2024-12-08,0
DON_02348,Diane Smith,17534.4,Emergency Relief,2025-02-19,0
DON_02349,Andrea Hamilton,11887.93,Cancer Ward,2025-04-24,1
DON_02350,Justin Kennedy,6395.25,Equipment Fund,2025-03-17,0
DON_02351,,27204.41,General Fund,2024-09-09,1
DON_02352,Michael Nelson,29367.09,Cancer Ward,2025-11-13,0
DON_02353,Calvin Mccoy,761.66,Cardiac Care,2025-05-29,0
DON_02354,Robert Schwartz,7627.91,General Fund,2025-03-14,0
DON_02355,Brandi Miller,404.83,Dialysis Fund,2025-09-16,0
DON_02356,Charles David,27439.81,Equipment Fund,2025-05-19,1
DON_02357,Shawn Flores,2923.69,Equipment Fund,2024-09-10,0
DON_02358,Anthony Bennett,16806.74,Pediatric Wing,2026-02-27,0
DON_02359,Michael Nichols,6632.93,Equipment Fund,2025-09-14,0
DON_02360,Robyn Riley,25397.63,Emergency Relief,2024-07-20,1
DON_02361,Jose King,10690.67,Dialysis Fund,2025-05-30,1
DON_02362,,5882.35,General Fund,2025-07-22,0
DON_02363,Amanda Smith,5870.56,Cancer Ward,2024-10-06,0
DON_02364,Lisa Luna,5938.53,Emergency Relief,2025-05-03,1
DON_02365,Matthew Johnson,23308.57,Pediatric Wing,2025-07-01,0
DON_02366,Mary Hays,18625.93,Cancer Ward,2024-10-15,1
DON_02367,Dennis Nelson,5767.61,Equipment Fund,2024-12-04,1
DON_02368,Derrick Chang,10106.29,General Fund,2026-02-25,0
DON_02369,Alexis Cummings,1188.14,Dialysis Fund,2026-04-30,0
DON_02370,Whitney Perry,26360.39,Dialysis Fund,2025-03-24,0
DON_02371,Laura Carter,4637.77,General Fund,2025-10-15,0
DON_02372,Matthew Church,33003.83,Equipment Fund,2025-09-21,0
DON_02373,Frances Evans,13624.72,Cardiac Care,2025-09-04,1
DON_02374,,12583.7,Dialysis Fund,2024-12-30,0
DON_02375,Joy Hamilton,2663.93,Dialysis Fund,2026-05-31,0
DON_02376,Rebecca Hoffman,1081.07,General Fund,2026-06-12,1
DON_02377,Lisa Young,12065.09,Pediatric Wing,2025-02-23,1
DON_02378,Margaret Hall,9466.37,Equipment Fund,2024-08-13,0
DON_02379,Gerald Rojas,1912.1,Dialysis Fund,2025-07-27,1
DON_02380,Karen Scott,27080.67,Emergency Relief,2024-12-04,1
DON_02381,Bryan Martinez,8099.7,Cancer Ward,2025-04-10,1
DON_02382,Luis Casey,4525.86,Dialysis Fund,2026-02-02,0
DON_02383,Raymond Barrett,23286.8,Cardiac Care,2026-06-05,1
DON_02384,Todd Williams,36638.77,Dialysis Fund,2026-03-28,0
DON_02385,Lisa Gonzales,5478.44,Equipment Fund,2024-08-29,0
DON_02386,Jennifer Guzman,22438.28,Cancer Ward,2025-08-11,0
DON_02387,Matthew Mays,15855.71,Emergency Relief,2025-01-12,0
DON_02388,Christine Carpenter,68674.69,Equipment Fund,2026-04-08,0
DON_02389,Ashley Davis,3422.2,General Fund,2025-09-13,0
DON_02390,Erica Logan,48539.95,Cardiac Care,2025-04-19,0
DON_02391,Alex Herrera,5681.01,Equipment Fund,2024-10-10,1
DON_02392,,7964.26,Emergency Relief,2026-01-13,0
DON_02393,Danielle Flores,6666.81,Pediatric Wing,2025-10-19,0
DON_02394,,4688.86,Cancer Ward,2025-11-22,0
DON_02395,Daniel Frederick,17724.49,General Fund,2025-09-24,1
DON_02396,,13342.74,Dialysis Fund,2026-04-13,0
DON_02397,,5472.59,Emergency Relief,2024-10-09,0
DON_02398,Daniel Matthews,2127.13,Emergency Relief,2026-03-17,0
DON_02399,Erica Fisher,5727.16,Cancer Ward,2025-12-14,0
DON_02400,Kelly Kent,7200.36,General Fund,2026-04-04,0
DON_02401,Dr. Robert Byrd,7186.35,Cardiac Care,2025-07-12,1
DON_02402,,6630.21,Dialysis Fund,2025-11-04,0
DON_02403,Amanda Everett,749.24,Cardiac Care,2025-05-18,0
DON_02404,Kimberly Boyd,9355.24,Dialysis Fund,2025-04-18,0
DON_02405,David Walker,27137.38,General Fund,2025-10-11,0
DON_02406,Lisa Stevens,2983.47,Pediatric Wing,2025-07-16,0
DON_02407,Kyle Taylor,2361.34,Pediatric Wing,2025-11-14,0
DON_02408,,9575.65,Cancer Ward,2025-02-09,0
DON_02409,Alexander Lynch,6944.9,Emergency Relief,2025-06-26,0
DON_02410,Craig Reed,12358.43,Equipment Fund,2025-12-16,0
DON_02411,,44083.0,Dialysis Fund,2024-09-13,0
DON_02412,Eric Ball,21462.24,Emergency Relief,2025-02-02,1
DON_02413,Todd Adams,17426.07,General Fund,2026-05-24,0
DON_02414,Olivia Baker,8066.19,Cancer Ward,2025-06-25,1
DON_02415,Caitlin Jenkins,5081.68,Cancer Ward,2026-02-26,1
DON_02416,Dylan Reyes,11656.55,Dialysis Fund,2025-07-28,0
DON_02417,James Jacobs,32500.31,Cardiac Care,2026-04-14,0
DON_02418,William Graves,31402.2,Emergency Relief,2026-05-12,1
DON_02419,Francisco Davis,8845.73,Dialysis Fund,2025-11-17,0
DON_02420,William Dawson,4239.83,General Fund,2025-04-06,1
DON_02421,Pamela Ellison,3830.05,Emergency Relief,2025-11-24,0
DON_02422,Tracy Lewis,518.69,Equipment Fund,2026-01-30,1
DON_02423,Rebecca Padilla,27740.6,General Fund,2025-07-22,1
DON_02424,,4614.97,Pediatric Wing,2024-08-28,1
DON_02425,Terry Garza,6670.87,Cancer Ward,2025-05-23,1
DON_02426,,24849.21,General Fund,2026-07-06,0
DON_02427,Kevin Edwards,1917.91,Cardiac Care,2026-07-05,0
DON_02428,Elizabeth Kelly,9277.11,Cancer Ward,2025-10-02,0
DON_02429,Dennis Williams,1957.46,Dialysis Fund,2024-11-18,0
DON_02430,Megan Erickson,8746.87,Emergency Relief,2026-03-09,1
DON_02431,Tamara Farmer,724.3,General Fund,2026-01-04,0
DON_02432,,10935.43,Dialysis Fund,2025-10-02,0
DON_02433,Mark Russo,23823.2,Cancer Ward,2026-06-07,1
DON_02434,James Foley,16918.92,Dialysis Fund,2024-11-13,0
DON_02435,Lisa Brown,10674.83,Dialysis Fund,2025-04-27,0
DON_02436,,26470.23,Cancer Ward,2025-03-08,0
DON_02437,Jeremy West,3877.44,Equipment Fund,2026-05-20,1
DON_02438,Christopher Oliver,26649.78,Emergency Relief,2025-03-10,0
DON_02439,Michael Martin,4851.99,Equipment Fund,2026-07-12,0
DON_02440,Stuart Hernandez,6752.69,Pediatric Wing,2025-10-07,1
DON_02441,Carlos Jones,2061.89,General Fund,2025-05-02,0
DON_02442,Mr. Bradley Warren,1609.68,Dialysis Fund,2025-02-01,0
DON_02443,Amber Boyd,40348.33,Equipment Fund,2025-12-27,0
DON_02444,Melissa Davis,3160.41,Cancer Ward,2024-12-05,0
DON_02445,Ray Taylor,6081.14,Equipment Fund,2025-10-23,0
DON_02446,,11298.29,Equipment Fund,2025-02-26,0
DON_02447,Melissa Garza,6412.6,General Fund,2026-03-11,0
DON_02448,Daniel Coleman,30618.7,Dialysis Fund,2025-07-14,0
DON_02449,Nicole Wade,34646.38,Pediatric Wing,2026-01-03,1
DON_02450,Mary Potts,5917.67,Cancer Ward,2025-10-29,0
DON_02451,Jeremy Coffey,1448.12,Pediatric Wing,2026-06-12,0
DON_02452,Lisa Crawford,3538.84,General Fund,2026-06-19,0
DON_02453,,9648.02,Emergency Relief,2024-07-19,0
DON_02454,Morgan Bridges,5105.3,Dialysis Fund,2024-12-30,0
DON_02455,Kevin Williams,9062.55,Emergency Relief,2024-10-22,0
DON_02456,Natasha Porter,21325.93,Emergency Relief,2025-08-09,0
DON_02457,Gary Mata,8187.43,Cardiac Care,2025-05-02,0
DON_02458,Julie Lawson,3290.96,Equipment Fund,2025-10-12,1
DON_02459,Megan Cooper,6646.75,Cancer Ward,2026-05-08,0
DON_02460,Kevin Knight,20379.09,Equipment Fund,2024-07-28,0
DON_02461,Jeffrey Johnson,8276.33,Emergency Relief,2024-09-27,0
DON_02462,Crystal Clements,4305.99,Equipment Fund,2026-01-09,1
DON_02463,Jacob Johnson,8363.82,Cardiac Care,2024-12-24,1
DON_02464,Amy Nolan,9099.22,Pediatric Wing,2026-01-24,0
DON_02465,Katherine Martinez,5272.69,General Fund,2024-09-15,0
DON_02466,William Holt,81685.18,Dialysis Fund,2024-08-16,1
DON_02467,Carrie Pacheco,21891.11,Cancer Ward,2025-05-08,0
DON_02468,Andrea Francis,17687.01,Cardiac Care,2024-08-09,0
DON_02469,William Parker,28951.57,Equipment Fund,2026-07-12,0
DON_02470,,16468.05,Emergency Relief,2024-12-03,0
DON_02471,Emma Leach,23479.9,Dialysis Fund,2025-09-21,1
DON_02472,Susan Murphy,7978.84,Emergency Relief,2025-05-26,1
DON_02473,Kimberly Brown,10408.36,Pediatric Wing,2026-05-29,0
DON_02474,Patricia Rubio,722.05,Equipment Fund,2025-04-19,1
DON_02475,Debra Smith,4941.03,Cancer Ward,2025-08-04,1
DON_02476,,6883.28,Pediatric Wing,2026-07-11,1
DON_02477,Paul Bradshaw,14731.26,General Fund,2024-09-13,0
DON_02478,Michael Brown,9360.23,Cardiac Care,2025-03-07,0
DON_02479,Holly Vasquez,14041.21,Emergency Relief,2025-09-30,0
DON_02480,Donna Martinez,18741.21,General Fund,2024-11-26,0
DON_02481,Elizabeth Anderson,654.87,Emergency Relief,2024-11-07,1
DON_02482,Juan Gray,4481.71,Dialysis Fund,2024-08-21,0
DON_02483,Gerald Barker,2811.29,Cancer Ward,2024-12-13,0
DON_02484,Terrence Blake,3113.76,Emergency Relief,2026-02-25,0
DON_02485,Roger Henderson,10491.26,Cardiac Care,2025-04-08,0
DON_02486,,20204.88,Pediatric Wing,2025-05-26,1
DON_02487,Lisa Thompson,4777.83,Equipment Fund,2024-12-21,0
DON_02488,,26097.41,Cardiac Care,2026-03-12,0
DON_02489,Justin Miller,33447.9,Cardiac Care,2025-03-14,0
DON_02490,Angela Jones,6474.07,Cancer Ward,2025-02-27,0
DON_02491,Michael Black,17155.24,Cancer Ward,2025-07-24,1
DON_02492,Brian Peck,1867.29,Equipment Fund,2024-11-11,0
DON_02493,Daniel Pope,20440.32,Cardiac Care,2026-02-12,0
DON_02494,Zoe Gray MD,2705.28,Equipment Fund,2024-11-23,1
DON_02495,Rachel Bush,17443.22,General Fund,2025-09-08,0
DON_02496,,8220.13,General Fund,2025-04-02,0
DON_02497,Tommy Gregory,39561.71,Emergency Relief,2026-04-23,1
DON_02498,Mary Scott,9367.21,Equipment Fund,2025-11-03,1
DON_02499,Gary Nelson,470.86,Emergency Relief,2024-09-19,1
DON_02500,Yolanda Jones,9828.21,Cardiac Care,2025-10-14,0
DON_02501,Dr. Brittany Reed,23807.72,Dialysis Fund,2025-02-16,0
DON_02502,Madison Lee,15622.89,Equipment Fund,2025-05-05,1
DON_02503,,50860.63,Dialysis Fund,2024-09-29,0
DON_02504,Angela Smith,27798.7,Equipment Fund,2024-09-21,0
DON_02505,Emily Flores,11215.69,Emergency Relief,2026-01-05,1
DON_02506,Brenda Peterson,3469.91,General Fund,2026-01-14,0
DON_02507,Joe Gonzales,56.73,Cardiac Care,2024-10-29,0
DON_02508,Sarah Zavala,59061.96,Cardiac Care,2025-12-11,0
DON_02509,Dr. Nathan Campbell,41786.86,Pediatric Wing,2026-02-09,0
DON_02510,Kyle Mcgee,4806.05,Dialysis Fund,2025-06-07,1
DON_02511,Lawrence Arroyo,15250.61,Cardiac Care,2026-06-02,0
DON_02512,Mark Kennedy,19597.81,Cancer Ward,2025-11-24,0
DON_02513,Jennifer Miller,12941.73,Equipment Fund,2024-09-25,0
DON_02514,Michael Crosby,27768.98,Cancer Ward,2026-06-18,0
DON_02515,Lisa Rogers,1215.3,Cancer Ward,2024-08-19,0
DON_02516,,34021.89,Emergency Relief,2025-09-20,0
DON_02517,,7464.17,Cardiac Care,2026-06-19,1
DON_02518,Michael Hill,9828.81,General Fund,2025-05-05,0
DON_02519,,8824.61,Dialysis Fund,2025-03-11,0
DON_02520,James Ford,11366.44,Pediatric Wing,2025-02-06,0
DON_02521,Andrew Wise,13675.84,Emergency Relief,2024-07-23,0
DON_02522,Michelle Russell,18585.89,Equipment Fund,2026-06-02,0
DON_02523,Justin Lawrence,11164.72,Dialysis Fund,2026-03-14,1
DON_02524,Steven Howard,17316.95,Cardiac Care,2025-06-04,0
DON_02525,Rodney Sanchez,6194.09,General Fund,2024-12-18,1
DON_02526,Brian Erickson,41393.52,Equipment Fund,2025-07-27,0
DON_02527,Brandi Castillo,1000.61,Cardiac Care,2025-12-05,0
DON_02528,Marcus Bender,11829.7,Dialysis Fund,2025-12-27,0
DON_02529,,1371.8,Equipment Fund,2026-06-26,1
DON_02530,Bobby Wilkinson,8771.58,General Fund,2025-04-11,0
DON_02531,Leon Chavez,4467.65,Pediatric Wing,2026-06-14,1
DON_02532,Kaylee Marquez,41446.34,Equipment Fund,2025-02-20,0
DON_02533,Michelle Price,197.42,Cancer Ward,2025-12-21,0
DON_02534,,7444.07,Emergency Relief,2026-07-15,1
DON_02535,Joe Hughes,22851.85,Cancer Ward,2025-10-10,0
DON_02536,Gina Woodward,3132.35,Dialysis Fund,2025-01-16,1
DON_02537,Stephanie Russell,25358.76,Emergency Relief,2024-11-25,0
DON_02538,Jessica Burton,29462.27,Cardiac Care,2025-03-11,0
DON_02539,,18465.18,Cardiac Care,2025-12-02,1
DON_02540,Nicole Howell,3518.17,Equipment Fund,2025-06-06,1
DON_02541,Donna Torres,4762.61,Cardiac Care,2024-11-13,0
DON_02542,Jessica Hunt,2739.65,Dialysis Fund,2024-12-22,0
DON_02543,Breanna Bennett,3051.29,Pediatric Wing,2026-06-29,0
DON_02544,Anna Jacobs,557.62,Pediatric Wing,2026-03-10,0
DON_02545,Brett Wolf,29206.75,General Fund,2025-10-30,0
DON_02546,Tanner Brown,11277.62,Cardiac Care,2025-06-21,0
DON_02547,,5957.08,Equipment Fund,2025-05-02,0
DON_02548,Kevin Wilson,5128.42,Dialysis Fund,2025-11-19,0
DON_02549,,11801.86,Pediatric Wing,2026-05-31,0
DON_02550,,5933.13,Cancer Ward,2024-10-18,0
DON_02551,Katie Raymond,29895.43,General Fund,2025-10-05,1
DON_02552,Troy Ross,3554.03,Dialysis Fund,2025-07-20,1
DON_02553,Valerie Austin,32094.47,Pediatric Wing,2026-01-16,0
DON_02554,Robert Harris,16363.79,Pediatric Wing,2024-12-18,0
DON_02555,Ashley Gonzalez,47069.54,Pediatric Wing,2025-03-03,1
DON_02556,,228.34,Pediatric Wing,2024-11-08,0
DON_02557,Ashley Edwards,913.71,Dialysis Fund,2026-03-08,1
DON_02558,Jessica Martinez,10424.07,Cardiac Care,2025-06-16,1
DON_02559,Linda Sparks,36520.99,Cancer Ward,2025-01-20,0
DON_02560,April Mullen,19684.23,General Fund,2024-12-27,0
DON_02561,Marilyn Avila,14598.31,Pediatric Wing,2025-04-13,1
DON_02562,Andrea Hall,481.68,Equipment Fund,2026-07-02,0
DON_02563,Thomas Anderson,6558.14,Pediatric Wing,2025-01-26,0
DON_02564,Krista Mccormick,6366.35,Emergency Relief,2024-08-26,0
DON_02565,Yolanda Johnston,11716.1,Dialysis Fund,2026-01-10,0
DON_02566,William Walsh,4472.61,Cardiac Care,2025-12-13,0
DON_02567,,4662.33,Pediatric Wing,2026-04-01,0
DON_02568,Olivia Wright,14547.78,Pediatric Wing,2024-07-15,0
DON_02569,Ashley Lucas,43388.85,General Fund,2026-02-06,1
DON_02570,Yesenia Davis,16190.05,Dialysis Fund,2025-10-19,1
DON_02571,Phillip Rivera,16545.18,Dialysis Fund,2024-12-05,1
DON_02572,Michael Bruce,64262.41,General Fund,2024-12-14,0
DON_02573,Dustin Morton,2499.29,Pediatric Wing,2024-12-13,0
DON_02574,Joseph Nelson,516.31,Cardiac Care,2024-09-10,0
DON_02575,Philip Finley,20527.64,Emergency Relief,2024-12-26,0
DON_02576,,8664.83,Equipment Fund,2026-03-28,0
DON_02577,Todd Brooks,8400.85,General Fund,2026-02-07,1
DON_02578,Richard Richard,3829.26,Cancer Ward,2025-10-13,0
DON_02579,Rhonda Garcia,10604.53,Cardiac Care,2024-10-02,0
DON_02580,Darren Holmes,8755.58,Equipment Fund,2026-06-22,0
DON_02581,Deborah Johnson,6357.11,Equipment Fund,2025-05-26,1
DON_02582,John Rivera,8770.99,Dialysis Fund,2025-08-24,0
DON_02583,,7263.6,Cardiac Care,2024-09-04,0
DON_02584,,42175.27,General Fund,2025-09-07,1
DON_02585,,58870.29,Cardiac Care,2024-10-27,0
DON_02586,Tony Lewis PhD,27479.44,Equipment Fund,2025-08-20,0
DON_02587,Jared Mcbride,69711.92,Pediatric Wing,2025-04-21,0
DON_02588,,4632.96,Pediatric Wing,2024-08-03,0
DON_02589,Becky Foster,27765.49,Emergency Relief,2026-04-21,1
DON_02590,Michael Austin,7829.03,Cancer Ward,2025-02-09,0
DON_02591,Cynthia Hendricks,20564.37,Emergency Relief,2025-01-30,0
DON_02592,Ian Buchanan,3373.29,General Fund,2024-11-24,0
DON_02593,Jeffrey Bryant,25066.2,Equipment Fund,2026-01-05,0
DON_02594,Justin Martinez MD,1307.32,Equipment Fund,2026-05-03,0
DON_02595,Duane Berger,4732.13,Pediatric Wing,2025-07-06,1
DON_02596,Allison Jimenez,25885.58,Equipment Fund,2026-07-01,1
DON_02597,Diane Smith,20624.93,General Fund,2026-06-29,1
DON_02598,William Underwood,10434.66,Cancer Ward,2024-12-23,0
DON_02599,Amanda Duran,16757.42,Dialysis Fund,2026-04-30,0
DON_02600,David Leon,3079.08,General Fund,2024-11-12,1
DON_02601,Karl Frye,16528.63,General Fund,2024-12-18,0
DON_02602,Edwin Martinez,120.12,General Fund,2025-12-15,1
DON_02603,,26865.82,Emergency Relief,2026-03-15,0
DON_02604,,10893.97,Dialysis Fund,2026-04-11,0
DON_02605,Eric Taylor,43203.53,Pediatric Wing,2025-05-20,0
DON_02606,Michael Davis,9756.04,Dialysis Fund,2025-02-10,0
DON_02607,Tonya Ortiz,8513.25,Cancer Ward,2025-07-26,0
DON_02608,Christopher Rice,8969.0,Dialysis Fund,2026-02-11,1
DON_02609,Alyssa Peters,6687.95,Emergency Relief,2025-02-26,0
DON_02610,Jerry Ryan,2734.97,General Fund,2025-11-07,0
DON_02611,Olivia Gillespie,27683.36,Dialysis Fund,2025-12-05,0
DON_02612,Sherry Bird,7391.97,Cancer Ward,2025-06-06,0
DON_02613,Lisa Chaney MD,11296.91,Dialysis Fund,2024-12-17,0
DON_02614,Cynthia Lucas,301.31,Cancer Ward,2025-04-05,0
DON_02615,Robert Harrell,932.18,General Fund,2025-09-15,0
DON_02616,Mrs. Katherine Duke MD,13639.1,Pediatric Wing,2025-12-22,0
DON_02617,Vanessa Thompson,31707.77,Cancer Ward,2024-10-12,0
DON_02618,Michael Love,10200.38,Cardiac Care,2024-09-10,1
DON_02619,Bryan Hill MD,2704.4,Cancer Ward,2024-10-21,0
DON_02620,Brian Powell,1851.63,Cancer Ward,2026-03-21,0
DON_02621,Theresa Lynch,34507.01,Emergency Relief,2026-03-15,0
DON_02622,Shawn Mccarty,18141.71,Equipment Fund,2025-07-03,0
DON_02623,Alexis Evans,50807.44,Dialysis Fund,2024-11-01,0
DON_02624,Anna Cooper,1289.07,Pediatric Wing,2026-04-23,0
DON_02625,Deanna Lynch,34935.92,Equipment Fund,2025-11-16,0
DON_02626,William Rocha,28026.27,General Fund,2024-11-20,1
DON_02627,,33549.88,General Fund,2026-04-13,0
DON_02628,Sheila Smith,86.69,Equipment Fund,2026-03-19,0
DON_02629,,20316.32,Emergency Relief,2025-10-07,0
DON_02630,Steven Hamilton,11942.26,Dialysis Fund,2024-11-27,0
DON_02631,Shane Soto,12770.87,Dialysis Fund,2025-06-29,1
DON_02632,Mr. William Woods,9500.61,Cardiac Care,2026-01-16,0
DON_02633,Steven Brown,20361.34,Emergency Relief,2026-04-14,0
DON_02634,Nicholas Miller,131038.68,Pediatric Wing,2024-10-22,0
DON_02635,Steven Spencer,18595.99,General Fund,2025-04-11,0
DON_02636,,17000.4,Equipment Fund,2025-07-17,0
DON_02637,Richard Aguilar,15938.74,Emergency Relief,2024-12-24,1
DON_02638,Amy Lee,17822.07,Cardiac Care,2024-12-16,0
DON_02639,Louis Riggs,6280.82,Emergency Relief,2024-07-21,0
DON_02640,Laura Norris,5789.79,Pediatric Wing,2024-11-23,0
DON_02641,Miranda Sanchez,23010.64,Emergency Relief,2026-03-09,0
DON_02642,Elizabeth Smith,818.24,Pediatric Wing,2025-07-01,1
DON_02643,Gary Cruz,21359.8,Emergency Relief,2024-08-28,0
DON_02644,Stephanie Bruce,25217.36,Cardiac Care,2025-06-08,0
DON_02645,,11059.56,Equipment Fund,2026-06-29,0
DON_02646,Lisa Diaz,36143.89,Cardiac Care,2026-07-12,0
DON_02647,Joshua Ford,9610.81,Cancer Ward,2025-05-28,1
DON_02648,Teresa Black,2941.8,Dialysis Fund,2025-04-11,0
DON_02649,Tanya Mitchell DVM,6727.12,Dialysis Fund,2025-08-16,0
DON_02650,Chris Higgins,35445.78,Dialysis Fund,2026-05-23,0
DON_02651,Robin Williams,76099.53,Cancer Ward,2024-12-18,0
DON_02652,Caitlyn Pacheco,8218.93,Equipment Fund,2025-06-10,1
DON_02653,Thomas Edwards,2738.06,Pediatric Wing,2026-03-31,0
DON_02654,Mary Mason,5060.0,Dialysis Fund,2024-10-19,0
DON_02655,,12087.9,Cancer Ward,2026-06-11,1
DON_02656,Timothy Morales,12732.84,General Fund,2024-12-22,1
DON_02657,Brianna Yu,14916.19,General Fund,2024-10-16,0
DON_02658,Miss Ashley Blevins,27059.31,Pediatric Wing,2025-03-18,0
DON_02659,,18631.05,Cardiac Care,2025-03-19,1
DON_02660,Cody Neal,4533.62,Dialysis Fund,2024-11-19,0
DON_02661,Patricia Dillon,7538.99,Equipment Fund,2026-04-05,0
DON_02662,Joshua Smith,27471.54,Equipment Fund,2025-01-26,0
DON_02663,Diana Larsen,15051.55,General Fund,2024-09-29,0
DON_02664,Jean Price,2730.35,Cardiac Care,2025-02-02,0
DON_02665,Alisha Yang,5907.62,Dialysis Fund,2024-11-17,0
DON_02666,Anthony Adams,23487.84,Pediatric Wing,2025-02-09,0
DON_02667,Kimberly Rodriguez,2832.84,Emergency Relief,2025-03-22,1
DON_02668,Holly Parrish,17618.67,Emergency Relief,2026-07-14,1
DON_02669,Bradley Hernandez,12435.76,Emergency Relief,2026-07-04,0
DON_02670,Patrick Taylor,2393.29,Pediatric Wing,2026-07-15,0
DON_02671,Andres Jennings,17513.6,Cancer Ward,2024-10-11,0
DON_02672,Shelby Drake,2303.37,Pediatric Wing,2025-09-06,0
DON_02673,,7623.32,Equipment Fund,2025-05-08,1
DON_02674,Paul Jones,5534.68,General Fund,2026-05-20,1
DON_02675,Christine Lee,17568.23,Equipment Fund,2026-04-03,1
DON_02676,Selena Johnson,22873.86,General Fund,2024-11-30,0
DON_02677,,2764.55,Equipment Fund,2025-03-28,0
DON_02678,,25069.44,Cancer Ward,2025-10-08,0
DON_02679,Alex Grant,108.6,Dialysis Fund,2025-06-24,0
DON_02680,Karen Dyer,11327.21,Pediatric Wing,2024-08-12,1
DON_02681,Jeff Cole DDS,10909.52,General Fund,2024-11-01,1
DON_02682,Christina Hall,14665.37,Pediatric Wing,2024-10-28,0
DON_02683,James Mason,4110.64,Pediatric Wing,2026-07-10,0
DON_02684,Jordan Chambers,148.59,General Fund,2024-08-08,0
DON_02685,Warren Nash,9098.02,Pediatric Wing,2024-11-12,0
DON_02686,,1111.26,Equipment Fund,2025-06-25,0
DON_02687,Stephen Poole,33411.31,Dialysis Fund,2025-09-22,0
DON_02688,Joseph Fuller,2861.35,Dialysis Fund,2025-08-18,0
DON_02689,Mary Walters,8306.86,Dialysis Fund,2025-10-14,0
DON_02690,Keith Anderson,8537.43,Equipment Fund,2024-08-20,1
DON_02691,Travis Williams,12073.41,Cancer Ward,2026-03-07,0
DON_02692,,22885.58,Cancer Ward,2025-01-26,0
DON_02693,Christina Wall,9584.09,Equipment Fund,2025-07-31,0
DON_02694,Walter Washington,391.36,General Fund,2025-06-18,0
DON_02695,Rhonda Garcia,22117.73,Equipment Fund,2025-07-18,0
DON_02696,Eric Landry,1286.2,Pediatric Wing,2025-06-12,0
DON_02697,Melissa Ali,15389.63,Equipment Fund,2025-01-11,0
DON_02698,Michael Aguilar,24401.01,Emergency Relief,2024-12-13,0
DON_02699,Mark Mclean,4983.71,Cardiac Care,2025-11-18,1
DON_02700,Zachary Shaw,8943.21,Emergency Relief,2026-04-25,0
DON_02701,Carl Young,216.59,Pediatric Wing,2025-11-02,0
DON_02702,Jennifer Sharp,24435.06,Emergency Relief,2025-09-13,0
DON_02703,Angela Campbell,18223.54,Cancer Ward,2025-07-27,0
DON_02704,,3947.52,Dialysis Fund,2025-05-27,0
DON_02705,Maureen Robbins,7420.01,Dialysis Fund,2025-06-13,1
DON_02706,Mrs. Amanda Mosley,17827.23,General Fund,2025-08-27,0
DON_02707,George Smith,6651.32,Cancer Ward,2025-10-23,0
DON_02708,Jeremy Andrews,2658.48,General Fund,2025-08-23,1
DON_02709,Savannah Martin,10962.91,Dialysis Fund,2025-11-18,0
DON_02710,,19286.83,Equipment Fund,2024-08-05,1
DON_02711,,5802.8,Equipment Fund,2025-12-16,1
DON_02712,Rachel Hoffman,1947.74,Cancer Ward,2025-08-05,0
DON_02713,Brian King,26539.19,General Fund,2026-05-29,0
DON_02714,Justin Webster,4371.37,Cancer Ward,2024-10-26,0
DON_02715,Jason Miller,10786.67,Cardiac Care,2025-06-25,0
DON_02716,Alexander Sanchez,17632.88,Dialysis Fund,2024-08-18,1
DON_02717,Gregory Perkins,5720.56,Pediatric Wing,2024-08-13,0
DON_02718,Dustin Hunter,15689.01,Emergency Relief,2025-02-11,0
DON_02719,Melissa Mueller,9234.72,Pediatric Wing,2025-11-18,0
DON_02720,Walter Davis,12674.79,Equipment Fund,2024-09-11,0
DON_02721,Steve Davidson,13395.06,Cancer Ward,2026-02-08,1
DON_02722,Courtney Richardson,26071.92,Emergency Relief,2026-05-26,0
DON_02723,Mary Walker,16020.94,General Fund,2025-01-05,0
DON_02724,Eric Mccormick,4604.13,Equipment Fund,2025-11-06,1
DON_02725,Sarah Galvan,921.82,Dialysis Fund,2025-10-13,1
DON_02726,Danielle Johnson,29.81,Cancer Ward,2026-04-15,0
DON_02727,Paul Arellano,35216.46,Equipment Fund,2025-12-09,0
DON_02728,Mrs. Andrea Rivera MD,42738.17,Equipment Fund,2026-05-07,1
DON_02729,Robert Schaefer,1482.59,Equipment Fund,2025-09-07,0
DON_02730,Hannah Davila,10013.76,Emergency Relief,2026-02-12,1
DON_02731,Justin Mendez,2465.96,General Fund,2024-09-14,1
DON_02732,Kurt Chambers,44565.33,Emergency Relief,2025-05-27,0
DON_02733,,4252.01,Emergency Relief,2025-04-27,0
DON_02734,,10446.7,Cancer Ward,2024-08-12,0
DON_02735,Benjamin Stafford,2716.0,Cardiac Care,2025-08-29,0
DON_02736,Anthony Harris,6069.11,Pediatric Wing,2025-04-21,0
DON_02737,Aaron Zimmerman,4655.18,Equipment Fund,2026-07-10,0
DON_02738,George Hernandez,9677.53,Emergency Relief,2026-06-17,1
DON_02739,Luke Jimenez,8165.27,Pediatric Wing,2025-10-11,0
DON_02740,Samantha Turner,6025.04,Equipment Fund,2026-03-22,0
DON_02741,Carl Bennett,1678.69,Equipment Fund,2024-11-08,0
DON_02742,Rita Perez,9938.89,General Fund,2024-09-19,0
DON_02743,,28477.62,Equipment Fund,2024-11-28,1
DON_02744,Sharon Lewis,19652.41,Cancer Ward,2025-03-20,0
DON_02745,,19125.31,Cardiac Care,2025-12-23,0
DON_02746,William Becker,6837.77,Pediatric Wing,2025-06-06,0
DON_02747,Angel Simpson,18486.57,Cardiac Care,2026-03-04,0
DON_02748,Jeffrey Bennett,9397.24,Equipment Fund,2025-05-09,0
DON_02749,Ryan Howard,2442.66,Pediatric Wing,2025-01-21,0
DON_02750,Kathryn Byrd,8146.35,Dialysis Fund,2024-12-02,0
DON_02751,Angela Trujillo,2136.22,General Fund,2026-03-14,0
DON_02752,Denise Summers,1823.75,Pediatric Wing,2025-10-10,0
DON_02753,Timothy Miller,349.94,Equipment Fund,2024-11-05,0
DON_02754,Nicole Bonilla,4987.14,Cardiac Care,2025-07-19,0
DON_02755,,6026.76,Cancer Ward,2026-05-31,0
DON_02756,,18031.8,Dialysis Fund,2025-10-15,0
DON_02757,Judith Scott,11583.01,Cancer Ward,2025-07-17,0
DON_02758,Meagan Hernandez,29326.5,Dialysis Fund,2025-10-23,0
DON_02759,Joshua Cox,2912.34,Emergency Relief,2026-04-21,0
DON_02760,Lauren Huerta,4637.81,Cancer Ward,2026-01-28,1
DON_02761,Corey Robinson,42472.63,Cancer Ward,2025-08-08,0
DON_02762,Jermaine Beard,8806.03,Dialysis Fund,2024-11-04,0
DON_02763,Nicole Martin,23342.08,Emergency Relief,2026-07-07,0
DON_02764,Kathleen Grant,10164.06,Cardiac Care,2026-05-24,0
DON_02765,Sherry Pruitt,9553.93,Cardiac Care,2025-07-20,1
DON_02766,Deborah Wagner,2404.58,Dialysis Fund,2025-05-30,0
DON_02767,David Wright,28577.24,Cancer Ward,2026-01-08,1
DON_02768,Kathryn Blankenship,1223.93,Pediatric Wing,2025-11-17,0
DON_02769,Robert Andrews,5571.63,Equipment Fund,2024-12-28,1
DON_02770,Michelle Osborne,16788.41,Cancer Ward,2026-01-20,0
DON_02771,,10616.53,Pediatric Wing,2025-01-26,0
DON_02772,Ryan Burns,31977.24,Cardiac Care,2024-12-21,0
DON_02773,,601.36,Dialysis Fund,2024-09-21,1
DON_02774,John Roach,15721.96,Equipment Fund,2025-02-17,1
DON_02775,Michael Mayer,9735.96,Cancer Ward,2025-01-20,1
DON_02776,Trevor Spencer,2514.07,General Fund,2025-02-02,0
DON_02777,Stephanie Sanchez,20394.9,Pediatric Wing,2026-01-28,0
DON_02778,Stephanie Williams,7947.75,General Fund,2025-12-10,0
DON_02779,Kimberly Maldonado,11375.91,Equipment Fund,2025-03-08,0
DON_02780,Julie Todd,51290.15,Dialysis Fund,2026-05-03,1
DON_02781,Luis Jackson,9989.7,Cancer Ward,2024-11-19,0
DON_02782,Robert Collins,26005.72,Cardiac Care,2024-12-06,1
DON_02783,Kathy King,22017.61,Cardiac Care,2025-06-10,0
DON_02784,Nicole Thomas,16304.17,Equipment Fund,2024-09-09,0
DON_02785,Monique Thompson,34068.06,Pediatric Wing,2024-10-22,0
DON_02786,Lisa Rodriguez,4347.3,Dialysis Fund,2024-08-12,1
DON_02787,,25786.38,Equipment Fund,2024-10-06,1
DON_02788,Linda Ortiz,7117.1,Cardiac Care,2026-06-02,1
DON_02789,Joshua Johnson,25108.92,Emergency Relief,2025-12-27,0
DON_02790,Nicole Daniel,10212.02,General Fund,2025-04-08,0
DON_02791,Philip Byrd,29248.24,Cardiac Care,2024-09-21,0
DON_02792,,33784.59,Dialysis Fund,2026-04-08,1
DON_02793,Sarah Adams,13656.27,Cardiac Care,2024-08-09,0
DON_02794,Jamie Liu,10627.78,Emergency Relief,2026-03-17,0
DON_02795,Chris Powell,22937.25,Dialysis Fund,2026-04-22,1
DON_02796,,4658.86,Equipment Fund,2026-01-05,0
DON_02797,John Estrada,232.02,Cardiac Care,2025-10-27,1
DON_02798,Andrew Lyons,7840.81,Cardiac Care,2026-01-12,1
DON_02799,Jessica Medina,10632.26,Cardiac Care,2025-02-24,1
DON_02800,,5291.58,Equipment Fund,2025-08-09,1
DON_02801,,7252.09,Cardiac Care,2025-11-12,1
DON_02802,Heather Barrett,2141.75,Emergency Relief,2025-11-21,0
DON_02803,,4871.21,Cancer Ward,2025-07-29,0
DON_02804,Robert Knox,4118.43,General Fund,2025-10-12,0
DON_02805,,5371.29,General Fund,2024-11-08,0
DON_02806,Amber Stevens,5329.87,Dialysis Fund,2025-01-23,1
DON_02807,Nicole George,12279.58,Equipment Fund,2025-03-19,1
DON_02808,John Garcia,4327.17,Emergency Relief,2025-11-17,0
DON_02809,Candice Davis,42443.42,Dialysis Fund,2025-09-07,1
DON_02810,Rebecca Roberts,10739.32,General Fund,2026-02-21,0
DON_02811,Nathaniel Estrada,2071.11,General Fund,2024-10-21,0
DON_02812,Rebecca Hines,4919.36,General Fund,2026-06-13,0
DON_02813,Dale Cross,19626.53,Equipment Fund,2025-02-25,0
DON_02814,Brian Grant,206.3,Equipment Fund,2025-11-16,1
DON_02815,Nicholas Orozco,41665.34,Cancer Ward,2024-11-23,1
DON_02816,Mark Hogan,8836.59,Cancer Ward,2026-05-17,0
DON_02817,Dennis Mathews,11043.3,Dialysis Fund,2025-08-26,1
DON_02818,Curtis Carr,66867.08,General Fund,2026-02-26,0
DON_02819,Russell Fisher,10499.65,General Fund,2025-06-15,1
DON_02820,Andrew Guzman,44274.01,Cardiac Care,2025-04-18,0
DON_02821,Vicki Garcia,37017.4,Cardiac Care,2025-01-02,0
DON_02822,Brandon Ramirez,42533.7,General Fund,2025-01-11,0
DON_02823,Samantha Ayers,25099.49,Equipment Fund,2024-09-04,1
DON_02824,Theresa Walsh,5273.14,Cancer Ward,2025-05-21,0
DON_02825,Mr. Richard Mccarthy,6378.49,Dialysis Fund,2025-03-14,0
DON_02826,Sandra Roth,6811.58,Cancer Ward,2025-05-02,1
DON_02827,Crystal Williams,58078.22,General Fund,2024-11-20,0
DON_02828,Michael Lopez,6712.02,Dialysis Fund,2025-04-29,0
DON_02829,Brandon Bell,1725.93,Cancer Ward,2025-01-28,0
DON_02830,Noah Moreno,22598.41,General Fund,2025-04-04,0
DON_02831,Nicole Burke,6837.09,Dialysis Fund,2024-12-30,0
DON_02832,Erica Obrien,14550.75,General Fund,2025-09-06,0
DON_02833,Nancy Gutierrez,38726.63,Cardiac Care,2024-08-28,0
DON_02834,Kim Cooke,12852.85,Dialysis Fund,2026-01-30,1
DON_02835,Ashley Mcdonald,15229.25,Cancer Ward,2025-01-30,0
DON_02836,Kyle Lewis,15444.52,Cancer Ward,2026-04-20,0
DON_02837,Megan Murphy,14216.69,Equipment Fund,2026-05-27,0
DON_02838,Maria Alvarado,2611.18,Equipment Fund,2025-09-25,0
DON_02839,,9143.55,Cardiac Care,2025-05-09,1
DON_02840,,115.4,Pediatric Wing,2026-01-07,0
DON_02841,Karen Wood,14763.12,General Fund,2024-10-18,1
DON_02842,Emily Webb MD,12847.64,Emergency Relief,2026-02-05,1
DON_02843,Christina Williams,5743.9,Emergency Relief,2026-05-08,1
DON_02844,Dylan Perry,11131.77,Emergency Relief,2025-08-04,0
DON_02845,Miss Dawn Ferrell,10190.37,Cancer Ward,2024-09-16,0
DON_02846,Rachael Cunningham,4333.55,Cardiac Care,2026-03-06,0
DON_02847,Robert Vaughn,5206.97,General Fund,2025-07-22,1
DON_02848,Laurie Phillips,21566.4,Dialysis Fund,2025-10-21,0
DON_02849,Katie Lang,21142.36,Dialysis Fund,2026-07-15,1
DON_02850,Joshua Jacobs DDS,9517.01,Equipment Fund,2025-02-20,1
DON_02851,Christopher Lowe,18961.63,Equipment Fund,2026-02-23,0
DON_02852,Anna Morrow,8989.42,Dialysis Fund,2024-08-04,0
DON_02853,Robert Harvey,28594.84,Equipment Fund,2026-07-07,1
DON_02854,Brian Lee,6070.13,General Fund,2026-03-21,0
DON_02855,Brandy Holland,39319.66,Dialysis Fund,2026-02-01,0
DON_02856,Michael Alexander,11722.58,Dialysis Fund,2026-04-01,0
DON_02857,Kristen Arnold,11507.97,Equipment Fund,2024-10-28,0
DON_02858,Angelica Ward,16666.82,General Fund,2026-03-19,0
DON_02859,James Lopez,6252.2,Emergency Relief,2025-08-18,0
DON_02860,Lisa Perry,19328.24,Pediatric Wing,2025-12-03,0
DON_02861,Reginald Baker,5794.32,Equipment Fund,2026-02-09,0
DON_02862,Angel Williams,7600.98,Dialysis Fund,2026-03-05,0
DON_02863,Elijah Howard,16845.27,General Fund,2025-08-22,0
DON_02864,Barbara Vincent,7133.06,Cardiac Care,2026-03-09,1
DON_02865,Robert Sanders,3346.67,Dialysis Fund,2025-06-30,1
DON_02866,Alex Soto,30824.33,Pediatric Wing,2025-09-03,0
DON_02867,John Cantu,38295.61,General Fund,2024-09-11,0
DON_02868,Benjamin Glover,14781.84,Equipment Fund,2025-09-24,0
DON_02869,Christian Smith,25002.09,Pediatric Wing,2025-08-25,0
DON_02870,Vanessa Hall,64746.23,General Fund,2026-03-29,0
DON_02871,Justin Williams,14308.91,Equipment Fund,2025-02-04,0
DON_02872,Andrea Cohen,35919.3,Dialysis Fund,2025-05-17,0
DON_02873,Sherry Ewing,6676.85,Emergency Relief,2024-11-01,1
DON_02874,Samuel Sherman,18083.23,Emergency Relief,2025-04-07,0
DON_02875,Robert Harris,861.35,Equipment Fund,2025-10-10,1
DON_02876,Gabriel Reynolds,23336.44,Cardiac Care,2025-01-19,0
DON_02877,Rebecca Gardner,26561.99,Pediatric Wing,2026-02-10,0
DON_02878,Jessica Dunlap,7691.8,General Fund,2024-11-16,1
DON_02879,Jessica Rose,15281.29,Emergency Relief,2024-12-13,0
DON_02880,Mr. Jimmy May,29317.12,Cancer Ward,2025-07-15,0
DON_02881,Jeffrey Barber,32261.89,Dialysis Fund,2024-09-17,1
DON_02882,Justin Hernandez,1689.66,Cardiac Care,2025-09-30,0
DON_02883,Melissa Stephens,26359.31,Emergency Relief,2025-06-07,1
DON_02884,Karen Kent,4808.11,Equipment Fund,2025-09-15,0
DON_02885,Keith Decker,19491.12,Equipment Fund,2025-12-23,0
DON_02886,Brian Woods,5899.29,Equipment Fund,2025-11-16,0
DON_02887,Joseph Park,869.68,General Fund,2026-01-12,0
DON_02888,,3533.38,Equipment Fund,2025-06-29,1
DON_02889,James Barnes,7880.76,Dialysis Fund,2026-02-16,0
DON_02890,Jason Wright,20277.15,Dialysis Fund,2024-08-17,0
DON_02891,Margaret Terry,1592.14,Dialysis Fund,2025-07-24,1
DON_02892,Stephanie Boyer,25144.42,Cardiac Care,2024-07-21,1
DON_02893,,86894.58,General Fund,2025-11-18,1
DON_02894,Michael Rogers,23285.78,Cardiac Care,2025-08-06,1
DON_02895,Melissa Shannon,9629.3,General Fund,2025-09-20,0
DON_02896,Victoria Cole,12595.51,Equipment Fund,2025-09-17,0
DON_02897,Angelica Pham,92.69,Cardiac Care,2026-03-10,1
DON_02898,Shawn Wilson,3522.05,Cancer Ward,2026-05-30,0
DON_02899,Jacob Davis,34387.76,Dialysis Fund,2026-02-28,1
DON_02900,Jo Kim,329.53,Equipment Fund,2025-12-03,1
DON_02901,Peter Harris,35275.83,Cardiac Care,2025-04-28,0
DON_02902,,1802.93,Emergency Relief,2025-09-17,0
DON_02903,Stephanie Cooper,2142.03,Cancer Ward,2025-07-27,0
DON_02904,Donna Thompson,2891.94,Dialysis Fund,2025-08-15,0
DON_02905,Terri Smith,24095.54,Emergency Relief,2025-08-25,0
DON_02906,Michael Ward,9756.68,Equipment Fund,2025-04-19,1
DON_02907,Ms. Tina Fowler,2353.26,Dialysis Fund,2025-09-05,0
DON_02908,Michael Anderson,17413.79,Equipment Fund,2025-05-22,0
DON_02909,,42374.25,Equipment Fund,2024-11-07,0
DON_02910,Robert West,12745.31,General Fund,2026-04-07,0
DON_02911,Amber Mccarty,1558.76,Equipment Fund,2026-02-23,0
DON_02912,Jennifer Huang,844.6,Dialysis Fund,2026-07-10,1
DON_02913,Donald Frazier,23835.15,Dialysis Fund,2025-07-22,0
DON_02914,Holly Holt,14755.85,Dialysis Fund,2025-05-03,0
DON_02915,Laura Carpenter,38392.64,General Fund,2024-11-16,0
DON_02916,David Gilbert,11886.23,Cardiac Care,2026-07-05,0
DON_02917,Bianca Schmidt DDS,966.4,Pediatric Wing,2025-05-13,1
DON_02918,Joshua Davis,7754.84,Cancer Ward,2026-03-25,0
DON_02919,Anthony Edwards,16093.76,Pediatric Wing,2025-09-24,0
DON_02920,Jessica Atkinson,7289.2,Cardiac Care,2024-10-04,0
DON_02921,,117041.49,Cancer Ward,2025-12-30,0
DON_02922,Courtney Smith,7797.46,General Fund,2025-11-10,1
DON_02923,Brenda Lee,11852.67,General Fund,2026-05-01,0
DON_02924,Penny Hammond,3830.97,Emergency Relief,2025-11-05,0
DON_02925,,2475.56,Cancer Ward,2024-08-24,0
DON_02926,Antonio Cruz,15547.48,Pediatric Wing,2025-05-01,0
DON_02927,Mason Jones,13323.3,Cancer Ward,2025-10-28,0
DON_02928,David Love,65.22,Pediatric Wing,2026-03-30,0
DON_02929,Tiffany Camacho,5027.51,Pediatric Wing,2024-10-24,0
DON_02930,,15474.66,General Fund,2024-10-04,0
DON_02931,,25089.61,Equipment Fund,2026-04-02,0
DON_02932,Amber Parker,5617.54,Equipment Fund,2026-04-03,0
DON_02933,,15637.86,Cardiac Care,2026-01-20,0
DON_02934,,4623.54,Pediatric Wing,2024-08-02,0
DON_02935,Nancy Trevino,17586.14,Emergency Relief,2025-10-03,0
DON_02936,Samuel Christian,17957.34,Cardiac Care,2025-08-05,0
DON_02937,,2092.78,Equipment Fund,2025-04-06,1
DON_02938,Amy Bauer,16408.39,Cardiac Care,2025-06-14,0
DON_02939,Miguel Murray,6087.24,Dialysis Fund,2024-08-27,0
DON_02940,Joseph Adams,2841.91,Emergency Relief,2025-02-13,0
DON_02941,Christopher Oconnor MD,10408.05,Cancer Ward,2024-10-21,1
DON_02942,Jane Nash,9030.32,Emergency Relief,2025-03-28,0
DON_02943,Randy Sanders,22300.0,Emergency Relief,2025-07-16,0
DON_02944,Joseph White,1324.53,Cancer Ward,2026-02-24,0
DON_02945,Samantha Padilla,23392.1,Emergency Relief,2025-06-06,0
DON_02946,Michelle Delgado,1682.12,Cardiac Care,2025-07-02,0
DON_02947,Miranda Rice,3487.67,Cardiac Care,2024-10-17,0
DON_02948,Amy Montoya,10881.4,Pediatric Wing,2025-02-16,1
DON_02949,,9331.24,Cardiac Care,2024-12-30,0
DON_02950,James Day,67456.82,Pediatric Wing,2024-07-28,0
DON_02951,William Collier,13354.73,Emergency Relief,2024-11-20,0
DON_02952,Amber Espinoza,5949.86,Pediatric Wing,2025-02-28,0
DON_02953,Amanda Bishop,34561.12,General Fund,2025-04-19,0
DON_02954,Craig May,5614.18,Dialysis Fund,2025-05-02,1
DON_02955,John Mcgee,4798.44,Emergency Relief,2025-05-13,0
DON_02956,Emily Shields,10229.3,Emergency Relief,2026-03-31,0
DON_02957,Tamara Graham,36657.87,Pediatric Wing,2026-07-08,0
DON_02958,Amanda Thompson,18491.46,Cancer Ward,2025-08-29,0
DON_02959,Katie Hall,16974.0,Cardiac Care,2025-04-22,0
DON_02960,Benjamin Gomez,19423.64,General Fund,2025-09-04,0
DON_02961,Bryan Brooks,16166.3,General Fund,2024-09-30,0
DON_02962,William Vincent,21394.02,Cardiac Care,2025-01-14,1
DON_02963,Brandy Lewis,3212.05,Emergency Relief,2024-12-19,1
DON_02964,Craig Ray,2926.69,Emergency Relief,2025-01-14,0
DON_02965,,6745.1,Cardiac Care,2025-07-30,0
DON_02966,Ronald Daniel,28553.09,Equipment Fund,2025-04-25,0
DON_02967,Jack Guerrero,18800.29,Pediatric Wing,2026-01-07,1
DON_02968,Erik Hernandez,12537.03,Cardiac Care,2025-04-05,0
DON_02969,Timothy White,294.59,Emergency Relief,2025-07-28,0
DON_02970,Sheila Aguilar,4033.93,Emergency Relief,2024-08-29,1
DON_02971,Marvin Anthony,24407.46,General Fund,2024-07-23,0
DON_02972,Luke Woodard,4165.71,Pediatric Wing,2025-04-12,0
DON_02973,Sylvia Stone,19656.13,Dialysis Fund,2025-11-08,1
DON_02974,Angela Orozco,3061.78,Pediatric Wing,2024-12-22,1
DON_02975,,13985.07,Cancer Ward,2025-01-13,1
DON_02976,Jason Clark,14841.45,Emergency Relief,2025-11-12,0
DON_02977,Sarah Ford,20912.86,Equipment Fund,2026-03-13,0
DON_02978,Sandra Patterson,8652.94,General Fund,2025-04-20,0
DON_02979,Susan Russell,15022.61,Emergency Relief,2024-10-02,0
DON_02980,Mallory Miller,10011.31,Cancer Ward,2026-01-06,0
DON_02981,April Martin,44157.93,General Fund,2026-03-22,1
DON_02982,Amy Terry,11068.43,General Fund,2025-08-17,0
DON_02983,Charles Ferguson,3528.2,Cancer Ward,2026-06-23,0
DON_02984,Alicia Collins,16534.45,Dialysis Fund,2026-04-29,0
DON_02985,Dr. Renee Fox MD,11926.61,Cardiac Care,2025-11-23,0
DON_02986,Ronald Mahoney,24431.57,General Fund,2024-11-03,0
DON_02987,Patrick Thomas,2920.38,Emergency Relief,2026-02-22,0
DON_02988,Patricia Rhodes,4535.63,Emergency Relief,2025-07-30,0
DON_02989,Danielle Thomas,38194.54,Dialysis Fund,2025-01-14,0
DON_02990,,39894.5,Equipment Fund,2026-03-26,0
DON_02991,,8757.85,Cardiac Care,2025-08-22,0
DON_02992,Thomas Owens DDS,733.93,Cancer Ward,2025-11-15,1
DON_02993,Michael Brown,5491.25,General Fund,2025-09-15,1
DON_02994,Jennifer Cummings,4257.79,Pediatric Wing,2026-01-25,0
DON_02995,,8033.87,General Fund,2025-09-03,0
DON_02996,,5736.5,General Fund,2024-07-17,0
DON_02997,,26490.7,Equipment Fund,2025-05-12,0
DON_02998,Ruben Hudson,45.61,Dialysis Fund,2025-06-09,1
DON_02999,,15519.01,Emergency Relief,2025-11-13,0
DON_03000,James Crawford,16371.73,Dialysis Fund,2024-08-29,0
DON_03001,Renee Hall,16209.81,Cancer Ward,2024-12-25,0
DON_03002,Madison Thomas,11028.13,General Fund,2025-05-23,1
DON_03003,,14166.65,Pediatric Wing,2026-07-01,1
DON_03004,Greg Brown,24950.04,Dialysis Fund,2024-07-25,0
DON_03005,Heather Flores,23000.82,General Fund,2025-04-16,1
DON_03006,Garrett Vance,528.59,Dialysis Fund,2024-10-17,1
DON_03007,Christine Bowers,463.64,Cancer Ward,2025-04-01,1
DON_03008,Heather Cruz,27390.12,Dialysis Fund,2026-03-10,0
DON_03009,Tracy Horton,12825.45,General Fund,2026-01-11,0
DON_03010,Jonathan Butler,47348.14,Pediatric Wing,2025-05-12,1
DON_03011,Dana Cole,8473.73,Pediatric Wing,2025-12-18,0
DON_03012,,2917.28,Emergency Relief,2025-04-06,0
DON_03013,Oscar Davis,9615.01,Pediatric Wing,2026-01-16,0
DON_03014,,8605.0,Dialysis Fund,2025-07-25,1
DON_03015,Chelsea Brock,10921.59,Equipment Fund,2025-02-16,0
DON_03016,Frank Hall,24749.78,Equipment Fund,2026-05-08,0
DON_03017,Angela Jackson,15988.58,Cancer Ward,2024-10-19,1
DON_03018,Aaron Fisher,3073.58,Pediatric Wing,2024-08-12,0
DON_03019,,19890.82,Pediatric Wing,2025-05-23,0
DON_03020,Lisa Gallegos,13443.51,Dialysis Fund,2025-06-24,0
DON_03021,Audrey Young,12952.3,Equipment Fund,2026-06-09,0
DON_03022,James Gonzalez,17010.03,Dialysis Fund,2025-07-08,0
DON_03023,James Rivera,12450.51,Emergency Relief,2026-04-03,1
DON_03024,Raymond Sharp,9173.89,General Fund,2025-07-28,0
DON_03025,Jade Cox,15340.62,Pediatric Wing,2025-11-23,0
DON_03026,Breanna English,19295.49,Cardiac Care,2026-05-23,0
DON_03027,Alicia Rodriguez,3838.24,Cardiac Care,2026-04-07,1
DON_03028,Nicole Palmer,10308.96,General Fund,2025-04-28,0
DON_03029,Tammy Wilson DDS,9192.11,General Fund,2026-03-18,0
DON_03030,Gregory Smith,610.82,Cardiac Care,2024-08-11,0
DON_03031,Christine Taylor,26976.2,General Fund,2026-06-29,1
DON_03032,,7107.33,Cancer Ward,2024-09-10,0
DON_03033,Derrick Le,1132.0,Dialysis Fund,2025-12-23,1
DON_03034,Lori Blair,9184.55,Dialysis Fund,2025-09-28,1
DON_03035,Sarah Anderson,2641.77,General Fund,2025-06-22,0
DON_03036,Dean Alvarado,18281.95,Emergency Relief,2026-01-08,0
DON_03037,Joseph Walton,12721.48,Dialysis Fund,2026-05-18,0
DON_03038,Donna Nguyen,4723.0,Emergency Relief,2025-10-05,0
DON_03039,Lisa Garza,45078.82,Equipment Fund,2024-12-27,1
DON_03040,Kevin Jones,5174.27,Equipment Fund,2026-07-03,1
DON_03041,Victor Robertson,12145.11,Equipment Fund,2025-05-08,1
DON_03042,James Walker,24259.62,Cancer Ward,2025-09-09,0
DON_03043,Beverly Barnes,10819.88,Equipment Fund,2025-03-24,0
DON_03044,,48607.5,Dialysis Fund,2024-09-14,1
DON_03045,Ethan Dillon,27854.51,Pediatric Wing,2024-10-04,0
DON_03046,Laura Morales,38078.22,Dialysis Fund,2024-08-14,0
DON_03047,Alexander Ferguson,6995.02,Cancer Ward,2025-06-21,0
DON_03048,Brenda Martin,11922.9,Cancer Ward,2025-07-10,0
DON_03049,William Gibbs,27504.32,Emergency Relief,2025-08-01,0
DON_03050,Amanda Mitchell,35073.19,Cancer Ward,2025-10-22,0
DON_03051,Robert Villegas,43333.76,Cardiac Care,2026-06-08,1
DON_03052,Joyce Brown,31698.32,Dialysis Fund,2025-11-15,0
DON_03053,,19682.0,Equipment Fund,2025-02-24,0
DON_03054,Jim Murray,367.69,Cancer Ward,2024-10-06,0
DON_03055,Veronica Brown,5674.03,Cardiac Care,2025-10-30,0
DON_03056,Colton Nelson,2070.6,Cardiac Care,2025-01-29,1
DON_03057,Linda King,2522.0,Pediatric Wing,2025-06-16,1
DON_03058,Jeffrey Smith,5156.53,General Fund,2025-03-09,0
DON_03059,Gary Tanner,1165.21,Dialysis Fund,2024-12-07,0
DON_03060,Kimberly Campbell,4176.51,Dialysis Fund,2025-02-14,0
DON_03061,Matthew Beard,47190.95,Emergency Relief,2024-11-02,0
DON_03062,Chad Wise,5608.27,Cancer Ward,2024-07-31,0
DON_03063,Autumn Sheppard,2610.18,Cancer Ward,2025-03-07,0
DON_03064,Robert Hull,19003.7,Cardiac Care,2026-06-15,0
DON_03065,Carrie Jones,26448.03,Pediatric Wing,2025-06-19,1
DON_03066,Brittany Nichols,5653.99,Equipment Fund,2024-08-01,0
DON_03067,Derek Allen,4896.29,Cardiac Care,2026-07-01,0
DON_03068,Tammie Lee,4151.32,Equipment Fund,2026-05-25,0
DON_03069,Shannon James,7494.85,Emergency Relief,2026-03-31,0
DON_03070,Cathy Lewis,1369.1,Cancer Ward,2026-03-16,0
DON_03071,Michelle Martin,16590.41,General Fund,2025-10-28,0
DON_03072,Stephanie Diaz,25908.66,Pediatric Wing,2025-05-07,0
DON_03073,Cristina Henry,16345.48,Dialysis Fund,2025-02-10,0
DON_03074,Charles Moody,8201.97,Pediatric Wing,2025-02-02,0
DON_03075,Matthew Fleming,5115.45,Equipment Fund,2025-05-30,0
DON_03076,,7900.42,Equipment Fund,2025-11-30,0
DON_03077,Richard Holland,8270.48,Dialysis Fund,2025-03-03,0
DON_03078,Rebecca Guzman,16450.15,Pediatric Wing,2024-10-27,0
DON_03079,,39478.92,Pediatric Wing,2025-07-03,1
DON_03080,Steve Santos,1098.02,General Fund,2025-04-28,0
DON_03081,Jacob Rojas,45977.39,Equipment Fund,2026-03-19,1
DON_03082,Nicole Johnson,36152.77,General Fund,2026-05-27,1
DON_03083,Adam Case,1878.9,Equipment Fund,2024-11-09,0
DON_03084,,3042.49,General Fund,2026-03-08,1
DON_03085,,5600.68,General Fund,2024-08-31,0
DON_03086,Teresa Smith,12303.33,Cardiac Care,2026-06-23,0
DON_03087,Johnny White,2166.31,Pediatric Wing,2025-04-21,1
DON_03088,Isaac Chapman,3353.43,General Fund,2025-02-26,1
DON_03089,Steven Wagner,34945.54,General Fund,2026-04-23,0
DON_03090,Ricardo Padilla,1736.22,Dialysis Fund,2025-03-19,0
DON_03091,Stephen Clark,7634.37,Equipment Fund,2026-04-14,1
DON_03092,Juan Moore,21595.54,Pediatric Wing,2025-04-20,0
DON_03093,Jonathan Wallace,32917.15,Emergency Relief,2025-12-14,0
DON_03094,,6143.06,Emergency Relief,2025-10-28,0
DON_03095,,2694.75,Cardiac Care,2024-07-28,0
DON_03096,Stephanie Barajas,20034.68,Equipment Fund,2026-01-24,0
DON_03097,Raymond Morton,22212.88,General Fund,2025-05-25,0
DON_03098,Micheal Ward,58705.45,Equipment Fund,2025-12-01,1
DON_03099,Regina Taylor,2254.35,Dialysis Fund,2026-02-03,0
DON_03100,Michael Ramsey,18538.19,Cancer Ward,2025-03-15,1
DON_03101,,8101.05,Cardiac Care,2025-05-24,0
DON_03102,Jennifer Mcdonald,36911.31,Equipment Fund,2026-02-26,0
DON_03103,Tammy Moreno,7859.45,Equipment Fund,2026-02-27,1
DON_03104,Eric Costa,8857.79,Dialysis Fund,2024-12-24,0
DON_03105,Courtney Rich,2033.8,Emergency Relief,2025-12-10,0
DON_03106,Patrick Stewart,5805.62,Pediatric Wing,2025-06-30,0
DON_03107,Carly Everett,7683.41,Cancer Ward,2025-12-05,1
DON_03108,Carolyn Floyd MD,264.96,General Fund,2025-01-17,0
DON_03109,Anna Paul,8632.45,Dialysis Fund,2025-10-06,0
DON_03110,Suzanne Nelson,6149.29,Equipment Fund,2026-01-30,0
DON_03111,Derek Flores,24432.35,Dialysis Fund,2024-10-17,0
DON_03112,,1699.42,Pediatric Wing,2024-07-27,0
DON_03113,Derek Taylor,21419.95,Dialysis Fund,2026-03-13,0
DON_03114,Desiree Briggs,18777.06,Dialysis Fund,2024-10-03,1
DON_03115,Kelly Anderson,4151.77,Dialysis Fund,2024-07-15,0
DON_03116,Kristina Kelly,1304.16,General Fund,2024-09-22,0
DON_03117,Ann Baker,27661.6,Emergency Relief,2024-09-18,0
DON_03118,Kelly Brewer,4303.84,Cardiac Care,2025-08-30,0
DON_03119,Holly Kent,2359.64,Cancer Ward,2025-04-16,0
DON_03120,Dr. Carol Gardner,6671.74,Equipment Fund,2025-08-06,1
DON_03121,Francisco Harvey,7684.47,General Fund,2025-11-21,0
DON_03122,Dennis Price,5919.84,General Fund,2025-12-08,0
DON_03123,Chloe Perkins,56249.27,Cardiac Care,2025-02-19,0
DON_03124,Robert Lamb,31906.89,Cardiac Care,2026-04-01,1
DON_03125,Brittany Simpson,30950.63,General Fund,2024-11-08,1
DON_03126,Victoria Choi,7631.61,Cancer Ward,2025-03-19,1
DON_03127,Connor Schwartz,49399.8,Pediatric Wing,2026-05-08,0
DON_03128,Kelly Le,17280.92,Cardiac Care,2025-04-15,0
DON_03129,James Mckay,26756.39,Dialysis Fund,2024-11-30,0
DON_03130,James Bonilla,10423.48,General Fund,2025-03-16,1
DON_03131,Daniel Middleton,2626.33,Dialysis Fund,2024-08-13,0
DON_03132,Laura Garcia,32690.32,General Fund,2025-10-24,0
DON_03133,Whitney Williams,9995.44,Emergency Relief,2026-05-25,1
DON_03134,Patricia Diaz,51892.69,Cancer Ward,2026-01-20,0
DON_03135,Dawn Santiago,4412.77,Emergency Relief,2025-02-05,1
DON_03136,Desiree Stevens,73152.7,Cancer Ward,2026-07-10,0
DON_03137,Jacqueline Craig,3773.62,Emergency Relief,2024-10-21,1
DON_03138,,6886.95,Equipment Fund,2025-01-25,0
DON_03139,Dawn Waters,13521.64,Emergency Relief,2024-08-17,1
DON_03140,Stephanie Atkins,17729.41,Pediatric Wing,2024-09-07,0
DON_03141,Stanley Clark,19109.61,Cancer Ward,2025-12-19,0
DON_03142,Gerald Davis,9701.18,Pediatric Wing,2025-01-06,0
DON_03143,Tonya Sloan,1199.08,Equipment Fund,2025-01-11,0
DON_03144,Kimberly Turner,10279.12,General Fund,2026-04-01,0
DON_03145,Amanda Miller,6112.49,General Fund,2026-04-05,0
DON_03146,Melissa Stanton,16079.07,General Fund,2024-11-12,0
DON_03147,,3018.45,Cardiac Care,2024-12-03,0
DON_03148,William Smith,7510.96,Emergency Relief,2025-12-10,0
DON_03149,Leslie Reyes,50773.58,Equipment Fund,2025-10-26,0
DON_03150,Isaac Clay,1396.0,Equipment Fund,2025-12-21,0
DON_03151,Joseph Barber,13832.15,General Fund,2024-10-08,1
DON_03152,Joshua Shepard,1425.35,Cancer Ward,2026-04-10,1
DON_03153,Erik Yang,2561.75,Pediatric Wing,2024-12-16,0
DON_03154,Katie Miles,13930.55,Pediatric Wing,2025-09-04,0
DON_03155,,8804.68,Cardiac Care,2025-10-26,1
DON_03156,Richard Bruce,11927.67,Cardiac Care,2026-05-05,0
DON_03157,Beth Collier,31787.98,Dialysis Fund,2025-08-21,1
DON_03158,Jose Jones,25493.74,General Fund,2025-11-02,0
DON_03159,Margaret Jones,32836.36,Emergency Relief,2024-11-19,1
DON_03160,Stacey Wilcox,14366.65,Dialysis Fund,2026-06-25,0
DON_03161,Caitlin Compton,10089.68,Cardiac Care,2025-03-04,0
DON_03162,Joseph Freeman,9220.52,Pediatric Wing,2024-12-18,0
DON_03163,Christina Mays,20195.06,Emergency Relief,2026-06-08,0
DON_03164,David Miller,11050.21,Pediatric Wing,2025-12-23,0
DON_03165,,1676.86,Emergency Relief,2025-07-24,0
DON_03166,Joshua Cole,2296.2,Dialysis Fund,2026-02-27,0
DON_03167,Jacob Meyer,6626.09,Pediatric Wing,2026-02-02,0
DON_03168,Samantha Miller,1053.49,Pediatric Wing,2025-03-10,0
DON_03169,,4101.39,Emergency Relief,2025-01-18,0
DON_03170,Carol Rivers,16024.19,Dialysis Fund,2026-04-29,0
DON_03171,Leslie Moreno,187.62,General Fund,2026-07-13,0
DON_03172,,13898.63,Cancer Ward,2025-10-20,1
DON_03173,Susan Simon,22199.64,Dialysis Fund,2025-07-08,0
DON_03174,Wendy Dunn,2797.72,Cardiac Care,2026-05-29,0
DON_03175,Victor Robinson,2994.49,Cancer Ward,2025-01-08,1
DON_03176,Rachel Green,439.21,Pediatric Wing,2025-12-03,0
DON_03177,Benjamin Higgins,10775.44,Equipment Fund,2024-12-30,0
DON_03178,Janice Hale,15945.24,Cancer Ward,2026-07-09,0
DON_03179,Marie Keith,9157.19,Pediatric Wing,2024-10-19,0
DON_03180,Michael Perry,7400.9,Emergency Relief,2026-03-02,0
DON_03181,Michael Bennett,9088.39,Cancer Ward,2025-04-06,1
DON_03182,Catherine Archer,22816.48,Cancer Ward,2026-07-04,0
DON_03183,Jessica Ford,511.33,Equipment Fund,2026-03-24,0
DON_03184,Virginia Kirk,22974.56,Equipment Fund,2026-03-27,0
DON_03185,Kevin Bautista,16464.59,Emergency Relief,2024-08-20,1
DON_03186,,4144.73,Equipment Fund,2025-08-05,1
DON_03187,,11158.39,Dialysis Fund,2025-07-18,1
DON_03188,Robert White,758.2,Cardiac Care,2025-10-29,0
DON_03189,Vincent Rogers,7160.59,Dialysis Fund,2024-11-13,0
DON_03190,Autumn Farley,2868.18,Emergency Relief,2024-09-19,0
DON_03191,Meghan Gonzalez,338.29,Dialysis Fund,2025-02-06,0
DON_03192,Jennifer White,6626.25,Cardiac Care,2026-06-01,0
DON_03193,Anthony Fitzpatrick,19425.56,Emergency Relief,2024-09-17,1
DON_03194,Sue Hines,38078.76,General Fund,2026-05-12,0
DON_03195,James Johnson,16282.34,Pediatric Wing,2025-08-17,0
DON_03196,,7711.72,General Fund,2026-03-22,0
DON_03197,Thomas Ruiz MD,113897.36,Dialysis Fund,2024-10-16,0
DON_03198,Thomas Young,4989.01,Cardiac Care,2025-03-23,1
DON_03199,Jeffery Crawford,3107.79,Equipment Fund,2024-08-30,1
DON_03200,Emily Sims,9345.43,General Fund,2025-12-13,0
DON_03201,Sarah Strickland,10545.28,Dialysis Fund,2025-08-16,1
DON_03202,Randy Holt,6573.47,Cancer Ward,2026-05-29,0
DON_03203,Daniel Davis,17836.22,Cancer Ward,2025-10-06,0
DON_03204,,3047.62,Dialysis Fund,2025-08-25,0
DON_03205,,10710.65,Equipment Fund,2026-01-08,0
DON_03206,Ruth Rocha,10401.02,General Fund,2025-05-28,0
DON_03207,David Conley,26040.88,General Fund,2025-05-01,1
DON_03208,,39252.9,Emergency Relief,2024-11-08,1
DON_03209,Chad Ruiz,16326.92,General Fund,2024-07-25,0
DON_03210,,5465.67,Dialysis Fund,2025-06-28,0
DON_03211,Joshua Roy,17548.93,Cardiac Care,2024-09-24,0
DON_03212,Christopher Smith,4342.68,Cardiac Care,2025-11-19,1
DON_03213,Jill Moody,50963.04,Emergency Relief,2024-08-09,0
DON_03214,Natalie Rowland,25920.12,Cardiac Care,2025-05-12,1
DON_03215,Steven Ritter,8463.14,General Fund,2025-09-15,0
DON_03216,,23011.03,Cardiac Care,2025-03-06,0
DON_03217,Derek Robertson,7880.35,Dialysis Fund,2025-02-11,0
DON_03218,,1163.1,Cardiac Care,2025-09-20,0
DON_03219,Jason Robinson,18401.91,Emergency Relief,2026-06-27,0
DON_03220,Beverly King,7778.18,General Fund,2026-01-26,0
DON_03221,Michael Riley,39957.59,General Fund,2025-05-26,0
DON_03222,Melissa Hill,5491.38,General Fund,2024-10-24,1
DON_03223,Rebecca Williams,27804.47,Cardiac Care,2025-03-09,0
DON_03224,Amanda Blankenship MD,17112.05,Equipment Fund,2025-11-21,1
DON_03225,Jonathan Ramirez,28793.0,Cardiac Care,2025-10-15,1
DON_03226,Bruce Weeks,5177.17,Dialysis Fund,2025-02-08,0
DON_03227,Shawn Williams,9280.21,Cardiac Care,2025-09-10,0
DON_03228,Steve Silva,25985.02,Equipment Fund,2026-04-01,0
DON_03229,Douglas Leon,15484.74,General Fund,2024-11-29,0
DON_03230,Randall Dunn,6692.48,Dialysis Fund,2026-04-14,0
DON_03231,William Jordan,10761.46,Cardiac Care,2025-12-07,0
DON_03232,Robert Bell,83194.35,Emergency Relief,2024-10-04,0
DON_03233,Arthur Gutierrez,20313.1,General Fund,2026-01-05,0
DON_03234,Pamela Lewis,14299.09,Cancer Ward,2026-05-24,0
DON_03235,Richard Parsons,26396.19,Cancer Ward,2025-05-30,1
DON_03236,Dr. Jonathan Malone,8751.76,General Fund,2025-07-29,0
DON_03237,Samuel Romero,44955.2,Emergency Relief,2024-10-26,0
DON_03238,Kimberly Day,12045.14,Cardiac Care,2026-06-14,0
DON_03239,Mr. Kevin Murphy,5937.3,General Fund,2025-04-16,0
DON_03240,Michael Berger,1349.2,Cardiac Care,2024-10-17,0
DON_03241,Mr. Andres Black Jr.,7066.75,Pediatric Wing,2024-08-12,0
DON_03242,Kyle Holland,12612.13,Cancer Ward,2025-08-20,0
DON_03243,Mackenzie Larson MD,18222.88,Dialysis Fund,2025-01-28,1
DON_03244,,31205.63,Pediatric Wing,2025-11-28,0
DON_03245,Sara Cunningham,43225.57,Cancer Ward,2025-06-22,0
DON_03246,Gina Morris,1621.36,Pediatric Wing,2024-07-24,0
DON_03247,Lawrence Stanley,13778.34,Dialysis Fund,2025-09-26,0
DON_03248,Julie Miller,16475.72,General Fund,2025-06-13,0
DON_03249,,2832.29,Equipment Fund,2025-10-20,0
DON_03250,Joseph Norris,11831.68,General Fund,2026-07-03,0
DON_03251,James Willis,6115.77,General Fund,2026-01-16,0
DON_03252,Tyler Smith,1208.67,Dialysis Fund,2025-04-09,0
DON_03253,Michelle Werner,1022.03,Emergency Relief,2025-11-27,1
DON_03254,Loretta Jones,21357.64,Cardiac Care,2024-12-16,0
DON_03255,,14335.43,Emergency Relief,2025-10-25,0
DON_03256,Rhonda Boyd,18835.4,Emergency Relief,2024-08-11,1
DON_03257,Alyssa Rios,17340.99,General Fund,2024-12-14,0
DON_03258,,2163.47,Cancer Ward,2025-11-10,0
DON_03259,Daniel Clarke,2465.43,Cancer Ward,2024-09-13,1
DON_03260,Jodi Martinez,4364.99,Cardiac Care,2025-03-26,0
DON_03261,Heather Martin,7639.92,Dialysis Fund,2024-10-30,0
DON_03262,Mr. Zachary Nelson DDS,41996.62,Dialysis Fund,2025-02-08,0
DON_03263,Jeff Cline,16807.92,Emergency Relief,2025-02-21,0
DON_03264,Bryce Reynolds,4419.03,Equipment Fund,2025-12-01,0
DON_03265,Amanda Potter,864.18,Emergency Relief,2026-07-12,0
DON_03266,,17290.83,Equipment Fund,2025-01-10,0
DON_03267,Thomas Atkins,14725.18,Pediatric Wing,2025-09-19,0
DON_03268,Elizabeth Mitchell,16894.23,Cancer Ward,2026-01-27,0
DON_03269,Victoria Wilson,4540.51,Emergency Relief,2024-08-12,1
DON_03270,,10914.94,Emergency Relief,2026-02-01,0
DON_03271,Madison Gray,6734.27,Cancer Ward,2026-07-13,1
DON_03272,Erica Davidson,25531.44,Cancer Ward,2026-07-05,0
DON_03273,Kristen Gray,1078.83,Cardiac Care,2026-06-25,0
DON_03274,Crystal Hernandez,4832.9,Equipment Fund,2025-06-26,1
DON_03275,,13855.54,Pediatric Wing,2026-04-05,0
DON_03276,Margaret Williams,3445.42,Pediatric Wing,2024-12-26,0
DON_03277,Beth Allen DVM,16753.79,Cardiac Care,2026-02-20,1
DON_03278,Christopher Perez,2206.16,Equipment Fund,2024-08-02,0
DON_03279,Laura Patterson,346.15,Cardiac Care,2024-09-02,1
DON_03280,Dean Barber,29870.86,Pediatric Wing,2025-11-16,0
DON_03281,Jason Neal,6084.48,Dialysis Fund,2026-02-25,0
DON_03282,Jack Lowery,2559.14,Pediatric Wing,2025-09-10,0
DON_03283,Donna Johnson,2843.98,Equipment Fund,2025-10-27,0
DON_03284,Joshua Ware,32559.59,Cardiac Care,2025-04-01,0
DON_03285,Kari Diaz,15938.46,Emergency Relief,2024-11-16,0
DON_03286,Allison Crawford,46972.0,Equipment Fund,2026-01-31,0
DON_03287,Ryan Hughes II,24144.59,Cancer Ward,2025-04-12,0
DON_03288,Richard Rose,21885.73,General Fund,2024-07-18,0
DON_03289,,10391.83,General Fund,2026-02-05,0
DON_03290,Michael Daniel,25789.2,Dialysis Fund,2026-04-21,0
DON_03291,Janet Wright,7982.08,Equipment Fund,2025-09-03,0
DON_03292,Jose Owens,26317.0,Dialysis Fund,2026-04-02,1
DON_03293,,21266.24,Equipment Fund,2025-01-18,0
DON_03294,Stacey Clements,17018.5,Cancer Ward,2026-01-15,1
DON_03295,Elizabeth Clark,6000.81,Dialysis Fund,2025-04-18,0
DON_03296,Ashley King,14942.66,Cardiac Care,2025-04-04,1
DON_03297,,10602.23,Dialysis Fund,2025-06-02,1
DON_03298,,9285.71,Emergency Relief,2025-10-23,0
DON_03299,,69451.68,General Fund,2025-04-06,0
DON_03300,George Sandoval,10529.73,General Fund,2024-10-05,0
DON_03301,Jennifer Vargas,487.63,General Fund,2025-03-06,0
DON_03302,Stephen Ellison,14771.27,Pediatric Wing,2025-02-15,1
DON_03303,Christopher Miller,19529.9,Pediatric Wing,2025-08-01,1
DON_03304,Alejandro Lambert,32466.35,Cancer Ward,2026-06-26,0
DON_03305,Edward Wiggins,15023.02,Cancer Ward,2025-08-12,0
DON_03306,Meghan Cook,294.73,Equipment Fund,2026-01-26,0
DON_03307,Richard Palmer,1913.14,Cardiac Care,2025-05-10,0
DON_03308,,2637.46,Cardiac Care,2025-05-24,0
DON_03309,Paul Davis,3559.8,Dialysis Fund,2025-05-21,0
DON_03310,Matthew Russell,24124.85,Cancer Ward,2025-06-30,0
DON_03311,Emily Brown,5560.74,Cardiac Care,2024-12-03,0
DON_03312,Jonathan Alvarado,5617.4,Cancer Ward,2026-02-16,1
DON_03313,Cheryl Garcia MD,21133.46,Cancer Ward,2024-07-15,1
DON_03314,Tiffany Zimmerman,7976.57,General Fund,2025-11-14,0
DON_03315,Christopher Jones,1002.35,Cardiac Care,2025-11-18,0
DON_03316,Peggy Obrien,13196.72,Pediatric Wing,2026-01-01,1
DON_03317,Micheal Osborne,2090.1,Cancer Ward,2026-06-09,1
DON_03318,Michael Nicholson,12717.72,Cancer Ward,2025-10-02,0
DON_03319,Matthew Green,22687.26,Cardiac Care,2025-12-12,1
DON_03320,Jason Hood,39779.93,Dialysis Fund,2024-11-12,1
DON_03321,Belinda Alvarado,1041.1,Emergency Relief,2025-08-01,0
DON_03322,Catherine Zavala,5435.36,Pediatric Wing,2026-06-02,0
DON_03323,Sara Washington,15853.3,Pediatric Wing,2024-08-04,0
DON_03324,Erin Davis,5684.97,Cardiac Care,2024-08-30,0
DON_03325,Robin Munoz,8995.55,Dialysis Fund,2026-03-07,0
DON_03326,,304.43,Cancer Ward,2025-10-04,0
DON_03327,Katherine Miranda,17737.97,Pediatric Wing,2025-07-02,0
DON_03328,Vincent Bryan,32219.68,Dialysis Fund,2025-12-26,1
DON_03329,Rodney Horton,56492.66,Pediatric Wing,2025-06-25,1
DON_03330,Penny Jones,26626.49,Equipment Fund,2026-01-06,1
DON_03331,Patrick Jacobs,484.38,Emergency Relief,2026-05-19,0
DON_03332,,15827.0,Emergency Relief,2025-02-05,0
DON_03333,Lisa Gordon,10267.55,General Fund,2025-08-22,0
DON_03334,David Miller,41684.05,Equipment Fund,2024-11-14,0
DON_03335,Anna Dean,34863.09,Pediatric Wing,2025-01-25,0
DON_03336,James Potts,66400.56,General Fund,2025-11-03,1
DON_03337,Christopher Martin,29700.38,Pediatric Wing,2025-02-25,1
DON_03338,Debra Jackson,11874.38,Cardiac Care,2025-06-22,1
DON_03339,Jordan Arellano,18823.76,Dialysis Fund,2025-11-16,0
DON_03340,Kathryn Bennett,50148.41,Emergency Relief,2026-05-02,1
DON_03341,Deborah Cunningham,12945.4,Cardiac Care,2025-05-11,0
DON_03342,,27486.77,Emergency Relief,2024-11-28,0
DON_03343,Bradley Mccormick,42764.06,Cardiac Care,2024-11-02,1
DON_03344,Lisa Simpson,12678.32,Cancer Ward,2024-07-26,1
DON_03345,Roy Cabrera,2600.21,Emergency Relief,2024-10-13,0
DON_03346,Eric Webb MD,2536.28,Pediatric Wing,2026-04-27,0
DON_03347,Anthony Taylor,1837.89,Equipment Fund,2024-09-15,1
DON_03348,Robert Perkins,9703.21,Pediatric Wing,2025-08-11,0
DON_03349,Kevin Jordan,9812.98,Cardiac Care,2026-05-13,0
DON_03350,Shelby Sutton,14410.35,Cancer Ward,2025-09-28,1
DON_03351,Tyler Reyes,9892.0,Pediatric Wing,2025-08-29,0
DON_03352,Thomas Collins,54209.37,Cancer Ward,2026-03-15,0
DON_03353,Tiffany Beck,5165.07,Pediatric Wing,2024-11-27,0
DON_03354,Joel Freeman,31050.29,General Fund,2025-10-16,0
DON_03355,,1585.92,Equipment Fund,2025-08-08,0
DON_03356,Jennifer Walker,13816.45,General Fund,2025-01-09,0
DON_03357,Rhonda Sparks,15675.73,Cardiac Care,2025-02-03,1
DON_03358,Kathleen Hudson,22191.29,Emergency Relief,2026-06-04,0
DON_03359,John Johnston,10488.15,General Fund,2025-07-28,0
DON_03360,Stephen Lopez,3295.24,Dialysis Fund,2025-08-07,0
DON_03361,Shane Williams,6906.68,Emergency Relief,2025-04-16,1
DON_03362,,4765.14,Pediatric Wing,2025-01-30,0
DON_03363,Jody Cain,8147.79,Pediatric Wing,2025-06-19,0
DON_03364,,11324.33,Equipment Fund,2026-03-15,1
DON_03365,Dr. Philip Neal Jr.,14715.25,General Fund,2026-02-17,1
DON_03366,Mr. Randy Stewart MD,27976.76,Cancer Ward,2026-04-15,0
DON_03367,Jennifer Brown,36120.9,General Fund,2025-02-22,0
DON_03368,,9314.67,Equipment Fund,2026-04-18,1
DON_03369,Alyssa Duarte,1392.78,General Fund,2025-05-14,0
DON_03370,Cody Poole,23923.06,Pediatric Wing,2026-01-02,0
DON_03371,Christopher Contreras,9727.13,Cardiac Care,2025-09-03,1
DON_03372,,11859.63,Cancer Ward,2024-10-19,1
DON_03373,Jeff Palmer,13587.46,Cancer Ward,2026-05-17,0
DON_03374,Yolanda Calderon,16533.33,Pediatric Wing,2025-12-22,0
DON_03375,Dr. Tony Daniel,33122.88,Cardiac Care,2024-11-17,1
DON_03376,John Gomez,45594.07,Emergency Relief,2024-10-22,0
DON_03377,Claudia Malone,42243.55,Pediatric Wing,2026-02-08,0
DON_03378,Helen Spencer,24868.68,Cardiac Care,2025-10-02,0
DON_03379,,33006.15,Emergency Relief,2025-04-27,0
DON_03380,Carol Gross,763.95,General Fund,2024-11-16,0
DON_03381,Patrick Salazar,28368.33,Cardiac Care,2025-08-12,0
DON_03382,James Hill,1125.14,Cancer Ward,2025-07-18,0
DON_03383,Anthony Cohen,20567.77,Cancer Ward,2025-11-28,0
DON_03384,,2783.45,Cancer Ward,2026-05-02,0
DON_03385,,6696.9,Dialysis Fund,2026-05-21,0
DON_03386,Melinda Thompson,3053.49,Cardiac Care,2025-07-30,0
DON_03387,Paula Gilmore,8790.29,Cardiac Care,2026-06-23,0
DON_03388,John Johnson,7958.98,Pediatric Wing,2025-10-07,0
DON_03389,Zachary Cohen,738.84,Equipment Fund,2025-12-08,1
DON_03390,Zachary Jones,26623.35,Dialysis Fund,2025-05-01,0
DON_03391,Stephanie Williams,28881.4,Pediatric Wing,2026-03-20,1
DON_03392,Blake Armstrong,23232.71,Dialysis Fund,2025-09-20,1
DON_03393,Jennifer Brooks,28219.35,General Fund,2026-07-09,0
DON_03394,John Murray,20847.25,Cancer Ward,2025-12-09,0
DON_03395,Sonia Gomez,41585.1,Cancer Ward,2025-10-30,1
DON_03396,Kara Myers,12884.21,Equipment Fund,2024-08-29,0
DON_03397,Melissa Mercer,13107.18,Cardiac Care,2026-03-01,0
DON_03398,Ronald Henry,29482.04,Pediatric Wing,2024-09-15,1
DON_03399,David Holland,6448.26,Dialysis Fund,2025-08-24,0
DON_03400,Austin Chavez,770.7,Equipment Fund,2025-01-03,0
DON_03401,Taylor Williams,20785.74,Cancer Ward,2026-03-05,0
DON_03402,Natasha Gutierrez,4407.3,Emergency Relief,2025-07-23,1
DON_03403,Rachel Guerrero,9643.54,Pediatric Wing,2025-04-02,1
DON_03404,Emily Dunlap,4125.24,Emergency Relief,2025-02-14,0
DON_03405,Harold Rogers,26324.83,General Fund,2026-02-15,0
DON_03406,Jamie Salazar,47656.28,Cancer Ward,2025-11-19,0
DON_03407,Cory Johnson,848.92,General Fund,2025-12-12,0
DON_03408,Calvin Weiss,3986.3,Pediatric Wing,2025-10-17,0
DON_03409,Jermaine Baker,3152.71,Dialysis Fund,2025-09-14,1
DON_03410,Joseph Estrada DDS,16776.26,Pediatric Wing,2026-06-11,0
DON_03411,Shelby Johnson,8397.05,General Fund,2025-11-28,1
DON_03412,Eddie Dean,9139.31,Cancer Ward,2026-01-05,1
DON_03413,Samantha Roberts,2563.23,Cancer Ward,2025-01-01,0
DON_03414,John Fisher,8035.35,Emergency Relief,2026-02-23,0
DON_03415,Michael Contreras,5419.46,General Fund,2024-12-26,1
DON_03416,David Dunn,14170.0,Equipment Fund,2025-10-28,0
DON_03417,Mrs. Vanessa Cole,3673.9,Cardiac Care,2025-12-24,0
DON_03418,Jamie Neal,14310.33,Pediatric Wing,2024-12-24,0
DON_03419,,7116.08,Cardiac Care,2024-12-20,1
DON_03420,Tony Taylor,6376.48,General Fund,2025-06-25,0
DON_03421,Mary Hall,5469.67,Pediatric Wing,2025-03-28,0
DON_03422,Janice Ray,16805.21,Equipment Fund,2025-09-25,0
DON_03423,,12397.38,Emergency Relief,2026-03-10,0
DON_03424,Eileen Stewart,28629.97,Dialysis Fund,2025-11-03,0
DON_03425,Jamie Eaton,4148.37,General Fund,2025-04-24,0
DON_03426,Aaron Kelly,614.2,Cardiac Care,2026-04-25,0
DON_03427,Sandra Harrell,3013.82,General Fund,2025-01-06,0
DON_03428,Ashley Rogers,6309.21,Equipment Fund,2024-12-07,0
DON_03429,,2970.45,Pediatric Wing,2026-06-07,0
DON_03430,,1308.07,Cardiac Care,2026-05-14,0
DON_03431,Kent Martin,8840.96,Emergency Relief,2025-11-07,0
DON_03432,,16948.46,Dialysis Fund,2025-09-11,0
DON_03433,Willie Rivera,20888.96,Dialysis Fund,2025-02-15,0
DON_03434,,7630.6,Cancer Ward,2025-07-20,1
DON_03435,Sarah Bolton,9752.6,Emergency Relief,2025-01-17,0
DON_03436,Carrie Martin,21126.29,General Fund,2024-07-15,0
DON_03437,,6524.36,General Fund,2025-07-13,0
DON_03438,Dr. Steven Powell,23040.46,Cancer Ward,2025-07-24,1
DON_03439,Melissa Guerra DDS,51340.64,Cancer Ward,2026-05-03,1
DON_03440,Kendra Neal,31864.15,Dialysis Fund,2025-09-18,1
DON_03441,,9065.93,Equipment Fund,2026-03-20,1
DON_03442,Tiffany Sanders,12995.32,General Fund,2025-01-20,1
DON_03443,Michael Hill,18904.25,Equipment Fund,2026-01-25,0
DON_03444,,6445.61,Emergency Relief,2025-02-05,0
DON_03445,,24084.53,Emergency Relief,2026-03-17,0
DON_03446,Brenda Lopez,8614.92,Cancer Ward,2025-07-03,0
DON_03447,Brenda Schwartz,28144.23,Cancer Ward,2025-06-17,0
DON_03448,Michael Baker,4410.21,General Fund,2025-01-08,1
DON_03449,,171.65,Equipment Fund,2024-09-04,0
DON_03450,William Waters,15023.17,Dialysis Fund,2025-03-02,0
DON_03451,Sarah Mann,9019.17,General Fund,2026-06-27,0
DON_03452,James Rodriguez,925.31,General Fund,2025-02-05,1
DON_03453,Matthew Hall,10030.11,Dialysis Fund,2025-10-17,0
DON_03454,,2769.12,Cancer Ward,2025-08-18,0
DON_03455,John Nichols,14903.62,General Fund,2025-04-29,0
DON_03456,John Weiss,8833.04,Cardiac Care,2025-12-14,0
DON_03457,,2815.28,Pediatric Wing,2024-08-12,0
DON_03458,Angela Gordon,7963.87,Cardiac Care,2026-06-18,0
DON_03459,,3973.33,Equipment Fund,2025-07-25,0
DON_03460,Robert Carpenter,15880.64,Emergency Relief,2025-03-25,1
DON_03461,Kimberly Hansen,5246.41,Cardiac Care,2025-10-07,0
DON_03462,Mrs. Amanda Knox,25891.04,Cardiac Care,2026-05-26,1
DON_03463,Megan Poole,213.97,Equipment Fund,2026-03-24,0
DON_03464,Haley Hobbs,7748.08,Cancer Ward,2024-08-27,0
DON_03465,Nicole King,14398.96,Cardiac Care,2024-10-25,0
DON_03466,Shawn Walker,343.02,Cancer Ward,2025-07-01,0
DON_03467,,3647.17,Emergency Relief,2026-03-25,0
DON_03468,Jose Crawford,5949.51,Cancer Ward,2024-08-15,0
DON_03469,Samantha Hampton,331.3,Emergency Relief,2025-09-13,0
DON_03470,Collin Campbell,11867.71,Equipment Fund,2026-03-05,1
DON_03471,Joshua Burnett,14949.03,Emergency Relief,2024-10-21,0
DON_03472,Kenneth Sanford,3872.28,General Fund,2026-04-16,1
DON_03473,Vanessa Thomas,11761.93,Pediatric Wing,2024-10-06,0
DON_03474,Robert Martinez,105651.72,Equipment Fund,2026-04-01,0
DON_03475,,32694.8,Pediatric Wing,2026-04-17,0
DON_03476,Gregory Maldonado,906.78,Dialysis Fund,2024-08-17,0
DON_03477,Kimberly Wilson PhD,2052.47,Equipment Fund,2025-12-16,0
DON_03478,Rhonda Cohen,10230.24,Cardiac Care,2026-05-26,0
DON_03479,Robert Morris,4219.56,Equipment Fund,2026-06-16,1
DON_03480,Mariah Allen,1266.54,Cancer Ward,2025-05-12,0
DON_03481,Joseph Robinson,4406.6,Dialysis Fund,2025-08-28,0
DON_03482,Roy Lopez,946.94,Equipment Fund,2025-12-25,0
DON_03483,Craig Wiley,11322.54,Emergency Relief,2025-09-22,0
DON_03484,,10107.53,Pediatric Wing,2025-08-23,0
DON_03485,Elizabeth Lewis,95.19,Emergency Relief,2025-01-12,0
DON_03486,Mrs. Theresa Johnson,9881.66,Emergency Relief,2026-05-24,0
DON_03487,,11003.45,Dialysis Fund,2025-12-07,0
DON_03488,Ronald Miller,13959.79,General Fund,2024-08-17,1
DON_03489,John Miller,52648.31,Pediatric Wing,2025-12-19,1
DON_03490,Andrew Anderson Jr.,60849.17,Cardiac Care,2025-04-30,0
DON_03491,,11227.66,General Fund,2024-08-01,0
DON_03492,Emily Castillo,27983.03,Emergency Relief,2026-03-16,1
DON_03493,Donna Williams,1335.19,Pediatric Wing,2026-02-08,0
DON_03494,,11362.23,General Fund,2025-04-27,0
DON_03495,Victor Mason,17040.04,Cancer Ward,2024-07-20,1
DON_03496,Emily Cox DDS,12476.79,Cancer Ward,2026-06-18,0
DON_03497,Bruce Collins,3934.52,Dialysis Fund,2024-09-15,0
DON_03498,Donna Lee,970.61,General Fund,2024-12-17,0
DON_03499,Tami Rice,7332.76,Cardiac Care,2024-12-02,0
DON_03500,Nicholas Huynh,15646.63,Cardiac Care,2026-07-06,0
DON_03501,Katherine Rivas,71896.14,Cardiac Care,2024-12-13,0
DON_03502,Alexander Orr,4048.29,Emergency Relief,2025-06-12,0
DON_03503,Steven Woods,37477.16,Emergency Relief,2025-08-17,0
DON_03504,Michael Parker,1060.54,Pediatric Wing,2024-10-22,0
DON_03505,Thomas Miller,40102.4,Pediatric Wing,2026-02-07,0
DON_03506,Zachary Lawson,26789.65,Cancer Ward,2025-06-09,0
DON_03507,Amanda Holloway,317.52,Dialysis Fund,2026-05-25,0
DON_03508,Alexander Phillips,5311.29,Emergency Relief,2025-12-08,0
DON_03509,James Williamson,784.51,Cardiac Care,2025-11-20,0
DON_03510,,81074.75,Dialysis Fund,2025-04-11,0
DON_03511,Jill Allen,8375.15,Emergency Relief,2025-09-05,0
DON_03512,Joshua Ramos,16278.34,Cancer Ward,2025-03-08,0
DON_03513,Jason Romero,4002.33,Cancer Ward,2025-04-07,0
DON_03514,Joyce Morgan,40711.68,Dialysis Fund,2025-04-21,0
DON_03515,Jeanne Gardner,4806.68,General Fund,2026-01-16,0
DON_03516,Joshua Brown MD,4520.93,Cancer Ward,2026-04-22,0
DON_03517,Joshua Vega,5666.29,Pediatric Wing,2026-02-28,0
DON_03518,Lance Torres,9312.1,General Fund,2024-12-27,0
DON_03519,,280.6,Dialysis Fund,2026-04-03,1
DON_03520,Anna Oconnor,13663.49,General Fund,2025-04-17,0
DON_03521,,482.67,Emergency Relief,2025-11-05,0
DON_03522,Kayla Diaz,11621.95,Pediatric Wing,2026-04-09,0
DON_03523,Mackenzie Cummings,9184.15,Dialysis Fund,2026-03-06,0
DON_03524,Sydney Murray,4166.91,Cardiac Care,2025-07-01,0
DON_03525,Jennifer Solis,6001.97,Equipment Fund,2025-04-19,0
DON_03526,Christopher Gutierrez,18345.29,Pediatric Wing,2025-02-13,0
DON_03527,Lori Thompson,144.66,Cancer Ward,2025-09-24,0
DON_03528,Karen Sparks,5711.16,Dialysis Fund,2024-12-13,0
DON_03529,Sabrina Smith,17105.45,Pediatric Wing,2026-02-24,0
DON_03530,,2477.96,Dialysis Fund,2026-06-18,0
DON_03531,Dan Robertson,12327.86,General Fund,2025-12-29,0
DON_03532,Eric Hill,2775.67,Pediatric Wing,2025-04-10,1
DON_03533,Katherine Lozano MD,2522.05,Equipment Fund,2024-09-17,0
DON_03534,,22194.58,Equipment Fund,2025-04-24,0
DON_03535,Brian King,4649.43,General Fund,2025-02-12,0
DON_03536,Jacob Joseph,7068.52,Equipment Fund,2026-06-01,0
DON_03537,Debra Garcia,19641.0,General Fund,2024-08-25,0
DON_03538,Alexis Jackson,2967.98,Cardiac Care,2026-05-22,0
DON_03539,Julie Galloway,11380.88,Cancer Ward,2026-03-20,0
DON_03540,Brittany Henry,37482.59,Equipment Fund,2024-10-06,1
DON_03541,Amanda Smith,12105.72,Emergency Relief,2025-05-29,0
DON_03542,David Bryant,751.19,Equipment Fund,2024-10-24,0
DON_03543,Terry Brown,13362.9,Cardiac Care,2024-11-25,1
DON_03544,Matthew Ramirez,1417.19,Emergency Relief,2026-03-29,0
DON_03545,,4971.89,General Fund,2025-09-23,0
DON_03546,,28424.35,Cardiac Care,2024-08-23,0
DON_03547,,166.96,General Fund,2024-10-19,0
DON_03548,Robert Henderson,1202.11,Equipment Fund,2025-05-01,1
DON_03549,Jerry Williams,6773.36,Equipment Fund,2024-11-09,0
DON_03550,,111176.06,Equipment Fund,2025-05-06,0
DON_03551,Brian Smith,5176.78,Cardiac Care,2026-03-21,1
DON_03552,,2566.71,Dialysis Fund,2025-04-20,1
DON_03553,Andrea Sutton,11958.37,Cardiac Care,2024-10-20,0
DON_03554,,10986.28,General Fund,2024-10-01,0
DON_03555,Karen Mccullough,8957.18,Cardiac Care,2025-08-16,0
DON_03556,Judith Wilkinson,43964.27,Pediatric Wing,2025-10-01,0
DON_03557,,4930.67,Dialysis Fund,2026-05-31,0
DON_03558,,5207.75,Pediatric Wing,2026-04-30,0
DON_03559,Joanna Reeves,2266.83,General Fund,2024-12-21,0
DON_03560,Jessica Butler,17924.6,General Fund,2026-07-02,0
DON_03561,Pamela Reyes,5815.18,Cancer Ward,2025-08-26,1
DON_03562,Heather Carter,24348.51,Dialysis Fund,2025-03-24,0
DON_03563,Jason Newton,53504.11,General Fund,2025-04-14,0
DON_03564,Carmen Barber,670.02,Emergency Relief,2026-04-04,0
DON_03565,Cody Moore,74691.17,Cardiac Care,2026-06-08,0
DON_03566,Isaiah Martin,4397.54,Pediatric Wing,2025-11-18,1
DON_03567,Carrie Kennedy,8173.76,Emergency Relief,2024-09-20,1
DON_03568,Beth Goodwin,22558.84,Equipment Fund,2026-05-28,0
DON_03569,James Daniel,16419.21,Pediatric Wing,2026-06-06,0
DON_03570,Jenny Orr,22605.72,Emergency Relief,2026-02-18,0
DON_03571,Lynn Hughes,9419.72,Cardiac Care,2026-05-20,0
DON_03572,,37166.06,Pediatric Wing,2025-09-09,1
DON_03573,Kevin Hickman,23405.49,Equipment Fund,2026-07-09,0
DON_03574,Jeremy Evans,5549.18,Cancer Ward,2026-04-14,0
DON_03575,,44486.84,Cardiac Care,2026-07-13,1
DON_03576,Felicia Thomas,48683.76,Cancer Ward,2026-05-14,0
DON_03577,David Williams,8043.52,General Fund,2025-08-20,0
DON_03578,Lindsay Johnson,15831.59,Dialysis Fund,2025-03-14,0
DON_03579,Paul Carter,25292.24,Equipment Fund,2025-09-12,0
DON_03580,William Flowers,25498.71,Equipment Fund,2024-08-10,0
DON_03581,Ruth Gibson,213.36,Equipment Fund,2024-11-04,0
DON_03582,Nicole Garcia,14873.85,Dialysis Fund,2025-11-13,0
DON_03583,Jeremy Mcclain,54572.39,Cancer Ward,2024-08-06,1
DON_03584,Zachary Terrell,3946.74,Pediatric Wing,2025-12-24,0
DON_03585,Elizabeth Morris,23815.8,General Fund,2026-04-17,0
DON_03586,Juan Johnson,11461.52,Cardiac Care,2024-11-06,0
DON_03587,Shirley Little,3755.22,Pediatric Wing,2025-09-01,0
DON_03588,Alejandro Juarez,785.8,General Fund,2025-10-08,0
DON_03589,Katherine Ortega,21401.85,Dialysis Fund,2025-02-10,0
DON_03590,Amy Peterson,5707.28,General Fund,2025-09-05,0
DON_03591,Chloe Black,7064.13,Cardiac Care,2024-10-04,0
DON_03592,,9960.56,Cardiac Care,2025-10-14,0
DON_03593,Alexandra Chase,10614.62,Cardiac Care,2025-01-08,0
DON_03594,Lori Miller,3463.58,General Fund,2026-06-22,0
DON_03595,Cindy Holmes,16659.15,Emergency Relief,2025-07-15,0
DON_03596,,17691.15,Pediatric Wing,2025-04-12,1
DON_03597,Allison Gregory,2302.53,Dialysis Fund,2026-01-28,0
DON_03598,Amber Martin,11418.49,Equipment Fund,2024-11-18,0
DON_03599,James Smith,14095.67,Cancer Ward,2025-03-30,1
DON_03600,Mrs. Angela Reed DDS,3091.56,Equipment Fund,2026-06-14,0
DON_03601,Donald Perez,33730.28,Dialysis Fund,2024-07-17,0
DON_03602,Alicia Adams,9890.63,Dialysis Fund,2026-03-29,1
DON_03603,Ana Thomas,1833.0,Equipment Fund,2026-03-14,0
DON_03604,Jose King,6105.91,Cardiac Care,2024-10-24,0
DON_03605,Austin Cook,9721.47,Cancer Ward,2025-08-21,1
DON_03606,Eric Price,152.94,Cancer Ward,2025-07-19,0
DON_03607,Zachary Howe,486.45,Dialysis Fund,2025-03-05,0
DON_03608,Autumn Ford,856.82,General Fund,2025-04-25,0
DON_03609,Tamara Perez,11587.25,Cardiac Care,2025-10-30,0
DON_03610,Courtney Montes,6144.09,Dialysis Fund,2026-01-09,1
DON_03611,Jacob Browning,33538.49,Emergency Relief,2025-06-27,0
DON_03612,Melvin Reynolds,12288.61,Dialysis Fund,2026-07-02,0
DON_03613,,21400.27,Equipment Fund,2025-01-07,0
DON_03614,Monica Harvey,17429.66,Equipment Fund,2024-11-22,0
DON_03615,Amber Bartlett,11019.56,General Fund,2025-05-05,0
DON_03616,Curtis Schmidt,20480.94,Equipment Fund,2025-09-24,0
DON_03617,Matthew Scott,11802.17,Pediatric Wing,2026-06-21,0
DON_03618,,7303.13,Emergency Relief,2025-08-01,0
DON_03619,Matthew Ross,8585.33,General Fund,2024-12-08,0
DON_03620,,27348.88,Cardiac Care,2025-01-23,0
DON_03621,Gilbert Baird,12426.72,Pediatric Wing,2025-11-28,0
DON_03622,,7105.26,Pediatric Wing,2025-04-10,0
DON_03623,Scott Johnson,2972.07,Dialysis Fund,2026-06-27,0
DON_03624,Christopher Hernandez,10258.59,Cardiac Care,2024-09-05,0
DON_03625,Lori Nichols,4363.39,Pediatric Wing,2025-10-10,0
DON_03626,Ronnie Rodriguez,46710.94,General Fund,2025-11-28,0
DON_03627,Joshua Neal,10129.08,General Fund,2025-10-23,0
DON_03628,,134.83,Cardiac Care,2026-06-13,0
DON_03629,,1462.16,Emergency Relief,2025-04-13,0
DON_03630,,5017.93,Dialysis Fund,2025-06-24,0
DON_03631,Alan Thomas,1450.35,Pediatric Wing,2026-02-27,0
DON_03632,John Moreno,33659.4,Dialysis Fund,2025-04-25,0
DON_03633,Jo Hall,28898.39,Emergency Relief,2024-08-25,1
DON_03634,Katie Brown,53035.43,Dialysis Fund,2025-08-14,1
DON_03635,Jennifer Barker,18386.41,General Fund,2025-09-05,1
DON_03636,Sheri Thomas,15554.2,Cardiac Care,2025-12-21,0
DON_03637,Justin Manning,38556.31,Pediatric Wing,2026-02-26,0
DON_03638,Brian White,43891.17,Pediatric Wing,2025-08-02,1
DON_03639,Dawn Washington,31493.18,Emergency Relief,2025-07-25,1
DON_03640,Sarah Khan,29650.33,Cancer Ward,2025-09-30,0
DON_03641,Gregory Pierce,16707.56,Equipment Fund,2025-05-03,0
DON_03642,Kelly Gonzalez,24.11,Pediatric Wing,2025-12-07,0
DON_03643,Elizabeth Reynolds,8419.08,Cancer Ward,2026-03-09,0
DON_03644,Eric Benjamin,15145.13,General Fund,2024-11-03,1
DON_03645,Joann Bruce,11882.17,Pediatric Wing,2025-10-01,0
DON_03646,,25816.16,General Fund,2025-08-14,1
DON_03647,Michele Lee,25630.78,Pediatric Wing,2026-06-10,0
DON_03648,Leah Martin,13695.02,Cardiac Care,2026-04-30,0
DON_03649,Shannon Price,333.59,General Fund,2025-01-13,0
DON_03650,,6914.59,Emergency Relief,2026-06-14,0
DON_03651,,3897.44,Dialysis Fund,2026-07-12,0
DON_03652,,6205.21,Equipment Fund,2024-08-11,0
DON_03653,Bryan Madden,14407.27,Pediatric Wing,2026-02-11,1
DON_03654,Jason Christian,1031.6,Cardiac Care,2025-11-05,0
DON_03655,Brent Ellison,337.4,General Fund,2026-05-11,0
DON_03656,Michael Brown,8613.75,Dialysis Fund,2024-08-22,0
DON_03657,,23667.19,General Fund,2025-03-22,0
DON_03658,Mary Brooks MD,467.69,Pediatric Wing,2025-12-23,0
DON_03659,Mrs. Samantha Short,28361.96,General Fund,2024-07-28,0
DON_03660,,7264.69,General Fund,2026-06-25,0
DON_03661,Cheryl Byrd,1887.45,Emergency Relief,2025-04-19,0
DON_03662,Daniel Munoz,12572.52,Equipment Fund,2025-05-28,0
DON_03663,Raven Montes,45661.41,Dialysis Fund,2025-09-07,0
DON_03664,,11730.1,Dialysis Fund,2024-12-27,0
DON_03665,Amanda Chandler,17405.79,Cardiac Care,2024-10-18,0
DON_03666,Gabriela Paul,25426.68,Equipment Fund,2024-08-04,1
DON_03667,,24092.16,Cancer Ward,2025-02-20,0
DON_03668,Michael Smith,1138.95,Equipment Fund,2024-12-03,0
DON_03669,Daniel Padilla,20263.64,Cardiac Care,2025-08-03,1
DON_03670,Joshua Terry,44771.76,Emergency Relief,2025-08-18,0
DON_03671,Roberto Hansen,18092.24,Cancer Ward,2025-05-28,0
DON_03672,,27158.9,General Fund,2025-06-19,0
DON_03673,Diana Mayo,9969.84,Emergency Relief,2025-05-17,0
DON_03674,,5764.42,General Fund,2025-05-17,0
DON_03675,,16916.26,Pediatric Wing,2025-02-16,0
DON_03676,,10165.01,Cardiac Care,2024-08-25,0
DON_03677,Laurie Little,33848.25,Pediatric Wing,2026-07-05,0
DON_03678,,54966.88,Emergency Relief,2026-05-20,0
DON_03679,Theresa Elliott,25705.49,Equipment Fund,2025-05-12,1
DON_03680,Scott Blair,73756.39,Cardiac Care,2025-09-13,1
DON_03681,,6424.19,Cancer Ward,2024-09-25,0
DON_03682,,33915.23,Emergency Relief,2024-08-30,1
DON_03683,James West,6005.68,Equipment Fund,2026-06-29,0
DON_03684,Ricky Keller,1884.1,Cardiac Care,2024-09-07,0
DON_03685,Savannah Miranda,14568.08,Emergency Relief,2024-12-25,0
DON_03686,Kenneth Bentley,9104.23,Emergency Relief,2025-03-04,0
DON_03687,Candice Richardson,38207.97,Dialysis Fund,2026-05-13,0
DON_03688,Kylie Booker,10164.83,Dialysis Fund,2025-01-03,0
DON_03689,Mr. Christopher Jenkins,39389.99,General Fund,2025-03-15,0
DON_03690,,1228.47,Equipment Fund,2026-06-25,0
DON_03691,Daniel Hernandez,26624.58,Cardiac Care,2025-02-15,1
DON_03692,Zachary Russell,21351.49,Cardiac Care,2026-03-14,0
DON_03693,Jonathan Hughes,19093.32,Cancer Ward,2025-11-26,1
DON_03694,,6580.73,Dialysis Fund,2024-10-23,1
DON_03695,Latasha Vargas,22970.47,Cancer Ward,2025-02-14,0
DON_03696,Christine Mullins,9904.29,Equipment Fund,2024-08-11,1
DON_03697,Vincent Williamson,18839.71,Emergency Relief,2025-01-04,1
DON_03698,Michael Fowler,12052.04,Cancer Ward,2025-08-18,0
DON_03699,Miguel Hendrix,2569.65,Dialysis Fund,2025-05-14,0
DON_03700,Nicholas Howard,1001.05,Pediatric Wing,2026-01-28,0
DON_03701,Anthony Guerrero,6840.01,Dialysis Fund,2026-05-13,1
DON_03702,,40498.74,Emergency Relief,2025-11-17,0
DON_03703,Adrian Knapp,11316.88,Cardiac Care,2025-10-29,0
DON_03704,Kathy Hutchinson,24306.88,Dialysis Fund,2024-11-06,0
DON_03705,Heather Marsh,12868.67,Equipment Fund,2025-08-11,0
DON_03706,Victoria Smith,47517.5,Dialysis Fund,2026-05-28,0
DON_03707,Katie Powell,6917.57,Pediatric Wing,2025-12-09,0
DON_03708,Erin Graves,881.14,Cardiac Care,2024-07-23,0
DON_03709,Jon Keller,22757.56,Dialysis Fund,2024-10-24,0
DON_03710,Steven Smith,18334.93,Pediatric Wing,2025-03-10,0
DON_03711,Bryan Warner,11246.85,General Fund,2026-01-28,0
DON_03712,Tammy Coleman,5926.59,Emergency Relief,2026-07-02,0
DON_03713,Diana Tate,3128.72,Cardiac Care,2025-05-23,0
DON_03714,Debra Gould,9874.7,Cancer Ward,2026-01-09,0
DON_03715,Dustin Aguilar,16458.26,Cancer Ward,2025-02-10,1
DON_03716,Randall Smith,12972.79,Cancer Ward,2025-02-15,0
DON_03717,,8630.21,Cardiac Care,2025-11-07,0
DON_03718,Mrs. Christie Martin DDS,11637.97,Pediatric Wing,2026-06-08,1
DON_03719,Kathryn Osborn,1713.58,General Fund,2026-03-11,0
DON_03720,Bryan Anderson,17853.03,Dialysis Fund,2024-09-23,1
DON_03721,Richard Johnson,19878.33,Cardiac Care,2025-08-31,0
DON_03722,David Morales,172.78,Cancer Ward,2025-06-16,0
DON_03723,Amanda Mcintyre,4731.34,Emergency Relief,2025-02-01,0
DON_03724,Timothy Thompson,1449.59,Equipment Fund,2026-06-27,1
DON_03725,Scott Callahan,95069.71,Equipment Fund,2024-10-12,0
DON_03726,,13496.77,Emergency Relief,2024-08-30,0
DON_03727,Jessica Taylor,9403.04,Equipment Fund,2024-10-07,0
DON_03728,Patrick Small,9326.39,Emergency Relief,2026-04-13,0
DON_03729,Jason King,50189.53,Pediatric Wing,2025-09-10,0
DON_03730,,16175.78,General Fund,2025-05-18,0
DON_03731,Mackenzie Hays,2770.74,Equipment Fund,2025-07-11,0
DON_03732,Laura Simon,8917.43,Emergency Relief,2025-10-15,0
DON_03733,Cindy Haas,22321.37,Equipment Fund,2025-09-11,0
DON_03734,Traci Hicks,8257.8,Equipment Fund,2026-01-18,1
DON_03735,Cameron Weeks,5555.82,Cancer Ward,2025-07-18,0
DON_03736,,71022.48,Cardiac Care,2026-01-24,1
DON_03737,Ryan Hernandez,41148.28,Equipment Fund,2026-06-27,0
DON_03738,Willie Kemp,42596.42,Pediatric Wing,2025-11-20,0
DON_03739,Savannah Mosley,2117.8,Pediatric Wing,2025-05-03,0
DON_03740,Ms. Lori Anderson,4003.6,General Fund,2026-02-04,1
DON_03741,,8752.74,Cardiac Care,2025-06-18,0
DON_03742,Stephanie Reyes,26768.41,Cardiac Care,2024-12-10,1
DON_03743,,20024.19,Equipment Fund,2025-04-11,0
DON_03744,Drew Nguyen,28423.58,Pediatric Wing,2025-03-09,0
DON_03745,Angela Thompson,38029.73,Cancer Ward,2025-12-17,0
DON_03746,Peter Anderson,22764.29,Pediatric Wing,2025-04-19,0
DON_03747,Caleb Cole,4552.5,Cardiac Care,2026-01-13,0
DON_03748,Nathan Cox,5041.44,Pediatric Wing,2026-02-12,0
DON_03749,,6519.26,Equipment Fund,2024-08-27,0
DON_03750,Margaret Ramsey,5416.17,General Fund,2026-02-03,0
DON_03751,Randy Sandoval,4297.22,Dialysis Fund,2025-02-27,0
DON_03752,David Harrison,20944.33,Cancer Ward,2025-08-05,0
DON_03753,Jennifer Jones,518.73,General Fund,2026-06-22,0
DON_03754,David Murphy,19551.03,Equipment Fund,2026-07-02,0
DON_03755,Nicole Ashley,26021.94,Cancer Ward,2025-07-29,0
DON_03756,Michael Gates,1024.89,Equipment Fund,2026-04-13,1
DON_03757,Kathy Landry,957.64,Cardiac Care,2025-06-18,0
DON_03758,Dawn Lynch,5041.82,Cancer Ward,2025-09-14,1
DON_03759,Jon Zhang,3503.72,Equipment Fund,2026-03-13,0
DON_03760,Teresa Horton,13053.05,General Fund,2025-04-13,1
DON_03761,,16879.81,General Fund,2025-03-06,0
DON_03762,Thomas Sutton,15082.65,Cancer Ward,2025-11-20,0
DON_03763,Janet Taylor,6632.26,Cardiac Care,2026-04-21,0
DON_03764,Martha Martinez,10349.22,Cancer Ward,2025-06-05,0
DON_03765,Nathan Miller,15324.39,General Fund,2024-09-14,0
DON_03766,Jonathon Melton,1907.72,Dialysis Fund,2025-02-07,1
DON_03767,Amanda Lam,3910.97,Emergency Relief,2025-04-30,0
DON_03768,Katherine Harris,33176.93,Cardiac Care,2025-07-04,0
DON_03769,Pamela Young,6285.7,Dialysis Fund,2026-01-30,1
DON_03770,Sabrina Gaines,24228.55,Pediatric Wing,2024-07-30,0
DON_03771,William Owens,4335.04,Cancer Ward,2025-03-02,0
DON_03772,Robin Burke,637.98,Equipment Fund,2025-02-21,0
DON_03773,Kathy Barr,10409.23,Pediatric Wing,2025-01-21,1
DON_03774,Mark Duncan,33451.46,Emergency Relief,2024-09-20,1
DON_03775,Scott Wolfe,25662.47,General Fund,2024-08-06,1
DON_03776,Travis Meyer,4374.13,General Fund,2025-07-14,0
DON_03777,Benjamin Mullins,36108.48,Cancer Ward,2025-07-27,1
DON_03778,Derek Payne,9800.7,Emergency Relief,2024-08-12,0
DON_03779,Robert Henry,753.6,Dialysis Fund,2026-05-22,0
DON_03780,,424.83,Pediatric Wing,2024-09-16,0
DON_03781,Ronald Barnett,9957.14,Equipment Fund,2024-09-03,0
DON_03782,Mr. David Smith,11855.54,Pediatric Wing,2025-02-19,0
DON_03783,April Henry,1249.3,Cancer Ward,2024-11-26,0
DON_03784,Heather Horton,38312.05,Pediatric Wing,2025-10-17,0
DON_03785,David Hughes,18999.26,Dialysis Fund,2025-12-25,1
DON_03786,Jessica Miller,24238.06,Dialysis Fund,2025-06-01,0
DON_03787,James Wilkerson,13156.89,Cardiac Care,2026-07-04,0
DON_03788,Courtney Irwin,16339.32,Equipment Fund,2025-07-17,0
DON_03789,Rebecca Garcia,7361.92,Cardiac Care,2024-10-13,0
DON_03790,Alexis Cochran,17058.6,Cardiac Care,2025-03-27,0
DON_03791,Diana Trujillo,57375.91,Equipment Fund,2024-10-02,1
DON_03792,Michael Guerrero,15649.76,Equipment Fund,2025-12-04,0
DON_03793,Ernest Johnson,6269.91,Dialysis Fund,2025-09-18,0
DON_03794,Jared Owens,5037.11,Dialysis Fund,2025-01-04,0
DON_03795,John Cohen,49593.47,Emergency Relief,2025-10-14,0
DON_03796,Jessica Sanchez,3068.55,Cardiac Care,2024-08-24,1
DON_03797,Angela Black,24613.67,Dialysis Fund,2025-05-28,0
DON_03798,,9389.68,Dialysis Fund,2025-12-10,0
DON_03799,Lisa Richard,8798.32,Cardiac Care,2025-01-18,0
DON_03800,,20647.41,Cancer Ward,2026-02-02,1
DON_03801,Whitney Griffith,2403.21,Emergency Relief,2026-06-01,0
DON_03802,Curtis Clark,9418.71,Emergency Relief,2025-10-14,1
DON_03803,Johnny Krause,547.37,Equipment Fund,2025-01-07,1
DON_03804,Keith Flores,16648.44,Cardiac Care,2024-12-20,1
DON_03805,Julie Davis,902.26,Emergency Relief,2026-03-21,0
DON_03806,Sara Jarvis,1370.04,Dialysis Fund,2025-02-21,1
DON_03807,,27948.16,Cancer Ward,2025-04-26,1
DON_03808,Julie Norton,8776.64,Dialysis Fund,2026-03-21,1
DON_03809,Gary Harris,3365.46,Equipment Fund,2026-01-16,0
DON_03810,James Griffin,13468.83,Emergency Relief,2025-10-30,0
DON_03811,,10987.16,Dialysis Fund,2025-10-15,0
DON_03812,Victor Jackson,7937.6,Emergency Relief,2026-04-18,0
DON_03813,Laura Smith,35374.17,General Fund,2026-01-30,1
DON_03814,Donna Price,20761.93,Emergency Relief,2025-11-09,0
DON_03815,,2465.92,Cardiac Care,2026-04-17,0
DON_03816,Caitlin Moore,12686.6,Equipment Fund,2025-04-20,0
DON_03817,Brian Munoz MD,1393.97,General Fund,2025-01-17,0
DON_03818,,4208.69,Equipment Fund,2025-02-03,0
DON_03819,David Patrick,36095.93,Cardiac Care,2024-11-19,0
DON_03820,Adrienne Carter,9300.68,Emergency Relief,2025-12-24,0
DON_03821,Andrea Jones,33399.1,Dialysis Fund,2024-09-27,0
DON_03822,,2722.81,General Fund,2024-12-07,0
DON_03823,Robert Daniels,3447.65,Equipment Fund,2026-06-28,0
DON_03824,Brian Wilkins,6527.07,Cancer Ward,2025-05-16,1
DON_03825,Kaitlin Stuart,6843.3,Equipment Fund,2025-04-16,0
DON_03826,Amy Bennett,20513.69,Dialysis Fund,2026-03-30,0
DON_03827,Katherine Oconnor,13722.27,Emergency Relief,2025-07-07,0
DON_03828,Ian Allen,12086.32,Cancer Ward,2026-03-28,0
DON_03829,,13833.71,Cardiac Care,2025-01-04,1
DON_03830,Sandra Joseph,19762.24,Pediatric Wing,2024-07-17,0
DON_03831,Jeffrey Smith,33498.21,Dialysis Fund,2025-11-06,0
DON_03832,Hannah Price,8035.49,Pediatric Wing,2024-09-28,0
DON_03833,,24362.64,Pediatric Wing,2025-07-07,0
DON_03834,Todd Garcia,10250.83,Cardiac Care,2025-04-04,0
DON_03835,Edward Jones,19206.23,Emergency Relief,2025-07-15,1
DON_03836,Gregory Howard,31170.49,Emergency Relief,2026-06-05,0
DON_03837,Haley Faulkner,491.18,Cardiac Care,2025-08-28,0
DON_03838,Stephanie Collier,11865.69,Equipment Fund,2024-08-30,0
DON_03839,,68176.13,Emergency Relief,2025-05-20,0
DON_03840,Eric Perez,10284.37,General Fund,2024-12-01,0
DON_03841,Monica Barnes,29960.04,General Fund,2025-09-03,1
DON_03842,Alexandra Kelly,3085.08,Emergency Relief,2026-03-19,1
DON_03843,,13905.99,Cancer Ward,2025-04-27,1
DON_03844,John White,30638.66,Equipment Fund,2025-07-06,0
DON_03845,,8472.18,Emergency Relief,2025-10-04,0
DON_03846,Jacob Carpenter,10004.07,General Fund,2024-09-14,0
DON_03847,Steven Houston,1283.66,Pediatric Wing,2026-01-01,0
DON_03848,Ian Jones,646.31,Dialysis Fund,2026-07-08,0
DON_03849,Sherri Baker,9486.66,Dialysis Fund,2025-04-15,0
DON_03850,Erica Whitehead,27818.12,Emergency Relief,2025-03-29,0
DON_03851,Thomas Blanchard,40175.39,Dialysis Fund,2026-06-10,1
DON_03852,Brandon Rice,16122.84,Dialysis Fund,2026-05-31,1
DON_03853,,26264.9,Cardiac Care,2025-01-23,0
DON_03854,,19912.13,Dialysis Fund,2025-06-14,1
DON_03855,David Lewis,18134.07,Cardiac Care,2025-09-21,0
DON_03856,,21982.21,Cardiac Care,2024-11-30,0
DON_03857,,10557.15,Emergency Relief,2026-06-17,0
DON_03858,Thomas Mccormick,9185.63,Dialysis Fund,2026-06-19,0
DON_03859,,2600.01,General Fund,2026-01-29,1
DON_03860,,27850.74,Cardiac Care,2025-10-14,0
DON_03861,Monica Walters,684.6,Pediatric Wing,2024-08-25,0
DON_03862,Ashley Brown,4668.23,Dialysis Fund,2025-01-23,0
DON_03863,Robert Reed,11006.92,General Fund,2024-08-15,0
DON_03864,Christopher Rodriguez,53419.5,Cardiac Care,2025-06-17,0
DON_03865,,23124.79,Equipment Fund,2025-04-18,1
DON_03866,Bryan Davis,6898.93,Emergency Relief,2026-04-07,0
DON_03867,Frank Mitchell,18773.75,General Fund,2025-07-10,0
DON_03868,,40185.25,Cancer Ward,2025-09-27,1
DON_03869,,11611.57,Cardiac Care,2025-03-07,0
DON_03870,Kevin Browning,9296.78,Emergency Relief,2025-09-14,1
DON_03871,Joseph King,12077.72,Equipment Fund,2026-06-19,0
DON_03872,Mrs. Vanessa Smith,5599.25,Emergency Relief,2025-02-25,0
DON_03873,Thomas Dominguez,35683.7,Dialysis Fund,2024-10-09,0
DON_03874,Jennifer Prince,23939.08,Dialysis Fund,2026-05-17,0
DON_03875,Peggy Perry,18336.33,Cardiac Care,2025-04-29,0
DON_03876,Frederick Huffman,13340.79,Emergency Relief,2025-07-14,1
DON_03877,,52338.03,Emergency Relief,2024-10-08,0
DON_03878,Ian Massey,5301.04,Dialysis Fund,2026-04-05,0
DON_03879,Michael Silva,4993.02,Dialysis Fund,2026-06-16,1
DON_03880,Jennifer Edwards,4158.82,Pediatric Wing,2025-05-06,1
DON_03881,Timothy Smith,20308.92,Dialysis Fund,2026-04-12,0
DON_03882,,23939.36,Pediatric Wing,2024-11-10,0
DON_03883,Karen Jackson MD,13636.53,Equipment Fund,2025-04-27,1
DON_03884,Michele Butler,15832.59,Cardiac Care,2026-01-28,1
DON_03885,Dana Warner,6437.78,Pediatric Wing,2025-12-22,0
DON_03886,Sean Robinson,608.54,Cardiac Care,2026-04-14,0
DON_03887,Wendy Cortez,4388.12,Cancer Ward,2024-07-19,0
DON_03888,,13166.99,Pediatric Wing,2024-11-26,0
DON_03889,Jason Rowland,25144.3,Cancer Ward,2025-04-14,1
DON_03890,,22521.87,Dialysis Fund,2025-12-27,0
DON_03891,Samantha Moreno,2967.39,Cancer Ward,2024-10-09,1
DON_03892,Michelle Rodgers,792.25,Emergency Relief,2024-11-16,1
DON_03893,,28512.91,Pediatric Wing,2025-11-05,1
DON_03894,Russell Rodriguez,1178.98,Pediatric Wing,2025-04-14,0
DON_03895,,7496.09,Cardiac Care,2025-12-03,1
DON_03896,Anna Stewart,1484.48,Cardiac Care,2025-08-14,0
DON_03897,Sarah Alvarado,12453.37,General Fund,2024-10-22,0
DON_03898,Karen Robinson,6772.71,Dialysis Fund,2026-01-28,1
DON_03899,Victor Miller,3393.98,Emergency Relief,2026-03-12,0
DON_03900,Lisa Adams,13564.23,General Fund,2025-01-06,0
DON_03901,Jacqueline Fitzpatrick,6774.01,Emergency Relief,2025-07-29,0
DON_03902,Daniel Brewer,2737.01,Pediatric Wing,2026-03-30,0
DON_03903,Stephen Rodriguez,18063.91,Emergency Relief,2024-11-19,0
DON_03904,Steven Williams,27192.45,Cardiac Care,2026-03-26,0
DON_03905,Russell Johnston,4797.76,Cancer Ward,2025-06-10,0
DON_03906,Angel Peterson,3094.76,General Fund,2025-11-02,0
DON_03907,Aaron Kennedy,1173.51,Cardiac Care,2026-02-20,0
DON_03908,Dennis Reeves,11258.53,Cardiac Care,2026-01-07,0
DON_03909,Joshua Lambert,26693.94,Cancer Ward,2025-01-15,0
DON_03910,Russell Willis,4331.04,Cancer Ward,2025-03-31,0
DON_03911,Jacob Moyer,9260.52,Cancer Ward,2024-09-22,1
DON_03912,Kevin Zamora,2629.66,Cancer Ward,2026-02-21,0
DON_03913,Rachel Harrington,7767.77,General Fund,2025-08-08,0
DON_03914,Lance Mays,233.48,Cancer Ward,2025-08-21,1
DON_03915,Patricia Robinson,36241.19,Cancer Ward,2026-02-10,0
DON_03916,Lori Oneill,16931.68,General Fund,2025-03-17,0
DON_03917,Charlotte Smith,6070.29,Pediatric Wing,2025-02-12,1
DON_03918,Daniel Gibson,31954.49,Dialysis Fund,2026-02-19,1
DON_03919,Ryan Nichols,3030.45,Pediatric Wing,2025-03-16,0
DON_03920,Vickie Webb,1230.09,Dialysis Fund,2026-03-15,0
DON_03921,Joseph Erickson,42871.31,Cancer Ward,2024-09-26,0
DON_03922,Sara Foster,5544.6,Cardiac Care,2026-07-08,0
DON_03923,Rebecca Moss,41226.85,Equipment Fund,2024-08-17,0
DON_03924,,15225.64,Dialysis Fund,2025-11-10,0
DON_03925,Jamie Lopez,58712.58,Emergency Relief,2024-08-23,1
DON_03926,Jesse Rogers,21001.59,Equipment Fund,2024-12-09,0
DON_03927,Patrick Romero,1672.09,Cancer Ward,2026-02-01,0
DON_03928,Ashley Price,28681.34,Emergency Relief,2025-04-27,0
DON_03929,Veronica Smith MD,2400.39,Emergency Relief,2026-05-09,0
DON_03930,Zachary Jensen,17674.46,Cancer Ward,2025-09-20,0
DON_03931,,10409.44,General Fund,2026-06-12,0
DON_03932,Mallory Schultz,18450.9,General Fund,2025-09-29,0
DON_03933,Michael Ward,21721.88,Cardiac Care,2024-09-04,0
DON_03934,Cody Hart,24419.01,Cancer Ward,2025-03-09,0
DON_03935,Terry Gray,27025.34,Pediatric Wing,2026-06-07,0
DON_03936,Michael Martin,28181.79,Emergency Relief,2025-01-26,0
DON_03937,,7980.09,Equipment Fund,2024-08-04,1
DON_03938,Alexa Roberts,33004.23,Equipment Fund,2024-12-30,0
DON_03939,Kimberly Walker,19072.02,Cancer Ward,2026-01-11,1
DON_03940,Emily Garcia,27392.56,Equipment Fund,2024-09-18,0
DON_03941,Barbara York,67911.13,General Fund,2026-03-17,1
DON_03942,,1856.51,Cardiac Care,2025-08-12,0
DON_03943,Anthony Johnson,6944.34,Equipment Fund,2025-03-30,0
DON_03944,Kevin Martin,24640.81,Pediatric Wing,2026-05-17,0
DON_03945,Charles Arellano,1353.85,Dialysis Fund,2025-10-03,1
DON_03946,Cynthia Munoz,11673.42,Cancer Ward,2025-03-20,1
DON_03947,Lindsey Walters,29321.02,Emergency Relief,2025-07-24,0
DON_03948,Robert Chase,287.61,Dialysis Fund,2025-04-17,1
DON_03949,Howard Johnson,42081.37,Cancer Ward,2025-01-22,0
DON_03950,April Buchanan,57349.76,Equipment Fund,2026-05-02,0
DON_03951,Eric Cook,5835.34,Cancer Ward,2025-03-25,1
DON_03952,Monica Mcbride,21837.32,Cardiac Care,2025-04-13,0
DON_03953,Chloe Bridges DDS,2040.32,Cancer Ward,2025-09-16,0
DON_03954,Kevin Mcdaniel,22233.11,Dialysis Fund,2025-12-07,0
DON_03955,,9852.86,Equipment Fund,2025-05-16,0
DON_03956,Erin Long,29520.98,Emergency Relief,2025-08-17,1
DON_03957,Philip Fleming,3585.41,Cardiac Care,2025-10-07,1
DON_03958,Sherry Silva,16751.24,Pediatric Wing,2025-04-10,0
DON_03959,Gary Ryan MD,23135.04,Emergency Relief,2024-09-15,1
DON_03960,Lindsey Wagner,3393.96,Emergency Relief,2026-01-06,0
DON_03961,Cindy Rodriguez,25579.92,General Fund,2024-12-02,0
DON_03962,Edward Lewis,47546.11,Pediatric Wing,2025-12-11,0
DON_03963,Steven Martin,14359.76,Cardiac Care,2025-09-12,1
DON_03964,Jeremy Rivera,23046.33,General Fund,2025-11-14,0
DON_03965,Nicholas Klein DDS,11408.03,Emergency Relief,2024-08-05,1
DON_03966,Stanley Manning,13673.41,Cardiac Care,2025-11-27,0
DON_03967,Terry Bryant,201.64,Emergency Relief,2026-07-11,0
DON_03968,Gregory Lewis,11144.12,Cardiac Care,2025-05-06,0
DON_03969,David Rose,12854.9,Emergency Relief,2025-11-13,0
DON_03970,Teresa Burns,16632.1,Emergency Relief,2024-11-11,0
DON_03971,Sherry Kaiser,2783.93,Dialysis Fund,2026-01-12,0
DON_03972,Mr. John Jennings,4143.7,Emergency Relief,2026-04-07,0
DON_03973,David Morrison,21159.09,Cancer Ward,2025-11-28,1
DON_03974,,2752.33,Cancer Ward,2025-01-28,1
DON_03975,William Mitchell,8068.48,Equipment Fund,2025-05-05,0
DON_03976,Jesse Carpenter,4325.04,Cancer Ward,2026-03-23,1
DON_03977,James Sutton,11817.94,Emergency Relief,2024-12-16,0
DON_03978,Marissa Smith,64993.84,Dialysis Fund,2026-04-28,0
DON_03979,Juan Armstrong,28661.99,Equipment Fund,2024-07-28,0
DON_03980,Michelle Wilson,4709.86,General Fund,2025-03-09,0
DON_03981,Ashley Guzman,6897.52,Dialysis Fund,2024-09-22,0
DON_03982,,37631.89,Dialysis Fund,2025-06-05,1
DON_03983,Gregory Stanley,34285.18,Pediatric Wing,2025-09-18,0
DON_03984,Cassandra Hubbard,2624.73,Equipment Fund,2024-07-15,1
DON_03985,,26515.18,Cardiac Care,2025-02-19,1
DON_03986,Douglas Flores,5298.95,Cancer Ward,2025-01-17,0
DON_03987,,11772.46,Cardiac Care,2024-12-14,1
DON_03988,Tricia Jackson,76.67,General Fund,2024-12-31,0
DON_03989,Christopher Turner,98464.51,Cardiac Care,2025-09-20,0
DON_03990,Blake Smith,21475.43,Pediatric Wing,2026-04-04,0
DON_03991,Jennifer King,4150.8,Pediatric Wing,2026-02-11,0
DON_03992,Ashley Smith,17270.46,Cancer Ward,2026-07-01,0
DON_03993,Jonathan Baker,5207.39,Pediatric Wing,2025-11-11,1
DON_03994,Rachel Evans,1405.69,Cardiac Care,2026-06-29,0
DON_03995,Brianna Smith,8308.87,Equipment Fund,2025-04-07,0
DON_03996,Scott Nguyen,14267.85,Pediatric Wing,2024-08-14,1
DON_03997,Kaitlyn Harrison,1410.99,Equipment Fund,2025-11-24,1
DON_03998,Valerie Tran,10959.82,Pediatric Wing,2024-09-12,1
DON_03999,Brian Newman,10849.9,Emergency Relief,2026-02-28,0
DON_04000,Steven Swanson,14858.96,Dialysis Fund,2024-09-22,1
